﻿<?xml version="1.0" encoding="utf-8" ?>
<c2eventsheet>
    <!--All the 'name' attributes are ignored by Construct 2 - they are there for readability only.-->
    <name>StartLayout Events</name>
    <events>
        <include>Debug</include>
        <include>Functions</include>
        <variable comment="Общий счет игрока за все уровни" constant="0" name="totalScore" sid="6963177180222445" static="0" type="number">0</variable>
        <variable constant="1" name="LEVELPERIOD" sid="6927293141508974" static="0" type="number">150</variable>
        <variable comment="При переходе на левел game сюда записывается текущее wallclocktime" constant="0" name="startgametime" sid="5177664795359151" static="0" type="number">0</variable>
        <variable constant="0" name="timer" sid="6299258033040387" static="0" type="number">0</variable>
        <variable comment="Количество вопросов в уровне (в данной версии игры величина постоянная)" constant="1" name="questionsQwantity" sid="2917157262279175" static="0" type="number">10</variable>
        <variable comment="Количество правильных ответов на уровень (сбрасывается от уровня к уровню)" constant="0" name="correctAnswers" sid="1086375363213706" static="0" type="number">0</variable>
        <variable comment="Текущий (для текущего вопроса) выбранный игроком ответ" constant="0" name="selectedAnswer" sid="8910869509463091" static="0" type="number">0</variable>
        <variable comment="Текущий (для данного уровня) вопрос, увеличивается при кликании на NEXT" constant="0" name="currentQuestion" sid="5287331543189283" static="0" type="number">0</variable>
        <variable comment="Текущий выбранный уровень" constant="0" name="currentLevel" sid="3800966993142604" static="0" type="number">0</variable>
        <variable constant="0" name="SCORE_PASSING" sid="9665459831442755" static="0" type="number">6</variable>
        <variable comment="Первоначальная инициация результатов для массива и хранилища" constant="0" name="LEVELS_STATES" sid="1691003432744546" static="0" type="text">1:0:CgkIyJr33ZUeEAIQAg;0:0:CgkIyJr33ZUeEAIQAw;0:0:CgkIyJr33ZUeEAIQBA;0:0:CgkIyJr33ZUeEAIQBQ;0:0:CgkIyJr33ZUeEAIQBg;0:0:CgkIyJr33ZUeEAIQBw;0:0:CgkIyJr33ZUeEAIQCA;0:0:CgkIyJr33ZUeEAIQCQ;0:0:CgkIyJr33ZUeEAIQCg;0:0:CgkIyJr33ZUeEAIQCw;0:0:CgkIyJr33ZUeEAIQDA;0:0:CgkIyJr33ZUeEAIQDQ;0:0:CgkIyJr33ZUeEAIQDg;0:0:CgkIyJr33ZUeEAIQDw;0:0:CgkIyJr33ZUeEAIQEA</variable>
        <variable comment="Индикатор языка" constant="0" name="Language" sid="836468701825813" static="0" type="text">EN</variable>
        <comment>Настройки при начале:&#x0D;&#x0A;1. Предзагрузка рекламы&#x0D;&#x0A;2. Проверка существования ключа Язык, и его создание, если не существует, либо выставление переменной Язык&#x0D;&#x0A;3. Проверка существования ключа Уровни и синхронизация с массивом и с делокирование уровней&#x0D;&#x0A;4. Подсоединение к Google Play, если есть интерет</comment>
        <event-block sid="1413596404438215">
            <conditions>
                <condition id="-2" name="On start of layout" sid="7802139293634193" type="System" />
            </conditions>
            <actions>
                <action id="1" name="Set size" sid="5843581301232095" type="levels">
                    <param id="0" name="Width">15</param>
                    <param id="1" name="Height">1</param>
                    <param id="2" name="Depth">1</param>
                </action>
                <action id="0" name="Set text" sid="7803775101718341" type="DebugText">
                    <param id="0" name="Text">WindowWidth &amp; &quot;:&quot;&amp; WindowHeight</param>
                </action>
                <action id="0" name="Call function" sid="3149728786361054" type="Function">
                    <param id="0" name="Name">&quot;setInterfaceForStart&quot;</param>
                    <param id="1" name="Parameter {n}"></param>
                </action>
                <action id="0" name="Request login" sid="227122559097535" type="CocoonGooglePlayGames" />
                <action id="0" name="Track View" sid="7888967021431668" type="GoogleAnalyticsWrapper">
                    <param id="0" name="Screen">&quot;StartLayoutView&quot;</param>
                </action>
            </actions>
            <sub-events>
                <comment>Проверка наличия установки языка в хранилище, синхронизация или установка языка по умолчанию</comment>
                <event-block sid="9535607194939675">
                    <conditions>
                        <condition id="3" inverted="1" name="Local key exists" sid="5796032798895112" type="WebStorage">
                            <param id="0" name="Key">&quot;Language&quot;</param>
                        </condition>
                    </conditions>
                    <actions>
                        <action id="0" name="Set local value" sid="1073675926112563" type="WebStorage">
                            <param id="0" name="Key">&quot;Language&quot;</param>
                            <param id="1" name="Value">Language</param>
                        </action>
                    </actions>
                </event-block>
                <event-block sid="136885151813714">
                    <conditions>
                        <condition id="-22" name="Else" sid="6103869320495595" type="System" />
                    </conditions>
                    <actions>
                        <action id="-9" name="Set value" sid="5978949147306836" type="System">
                            <param id="0" name="Variable">Language</param>
                            <param id="1" name="Value">WebStorage.LocalValue(&quot;Language&quot;)</param>
                        </action>
                    </actions>
                </event-block>
                <comment>Проверка наличия уровней (с количеством ответов) в хранилище, синхронизация или установка по умолчанию с открытым первым уровнем </comment>
                <event-block sid="8709438143686996">
                    <conditions>
                        <condition id="3" inverted="1" name="Local key exists" sid="8667193781982613" type="WebStorage">
                            <param id="0" name="Key">&quot;Levels&quot;</param>
                        </condition>
                    </conditions>
                    <actions>
                        <action id="0" name="Set local value" sid="9409787341437454" type="WebStorage">
                            <param id="0" name="Key">&quot;Levels&quot;</param>
                            <param id="1" name="Value">LEVELS_STATES</param>
                        </action>
                        <action id="0" name="Call function" sid="7794142067581679" type="Function">
                            <param id="0" name="Name">&quot;fillLevels&quot;</param>
                            <param id="1" name="Parameter {n}">LEVELS_STATES</param>
                        </action>
                    </actions>
                </event-block>
                <event-block sid="4939455368796407">
                    <conditions>
                        <condition id="-22" name="Else" sid="2642769711574067" type="System" />
                    </conditions>
                    <actions>
                        <action id="0" name="Call function" sid="3425603368895993" type="Function">
                            <param id="0" name="Name">&quot;fillLevels&quot;</param>
                            <param id="1" name="Parameter {n}">WebStorage.LocalValue(&quot;Levels&quot;)</param>
                        </action>
                        <action id="0" name="Call function" sid="5837155178445697" type="Function">
                            <param id="0" name="Name">&quot;updateLevelsLock&quot;</param>
                            <param id="1" name="Parameter {n}"></param>
                        </action>
                        <action id="0" name="Call function" sid="8748713211435168" type="Function">
                            <param id="0" name="Name">&quot;synchronizeArrayToStorage&quot;</param>
                            <param id="1" name="Parameter {n}"></param>
                        </action>
                    </actions>
                </event-block>
                <comment>Проверка наличия общего счета в хранилище, синхронизация или установка по умолчанию </comment>
                <event-block sid="7165788265971676">
                    <conditions>
                        <condition id="3" inverted="1" name="Local key exists" sid="341552995474772" type="WebStorage">
                            <param id="0" name="Key">&quot;TotalScore&quot;</param>
                        </condition>
                    </conditions>
                    <actions>
                        <action id="0" name="Set local value" sid="261929741306499" type="WebStorage">
                            <param id="0" name="Key">&quot;TotalScore&quot;</param>
                            <param id="1" name="Value">totalScore</param>
                        </action>
                    </actions>
                </event-block>
                <event-block sid="9224559826278264">
                    <conditions>
                        <condition id="-22" name="Else" sid="9276252238456997" type="System" />
                    </conditions>
                    <actions>
                        <action id="-9" name="Set value" sid="6749070146466243" type="System">
                            <param id="0" name="Variable">totalScore</param>
                            <param id="1" name="Value">WebStorage.LocalValue(&quot;TotalScore&quot;)</param>
                        </action>
                    </actions>
                </event-block>
                <comment>Установка надписей на кнопках согласно языку по умолчанию или из ключа хранилища</comment>
                <event-block sid="4845599356885283">
                    <conditions />
                    <actions>
                        <action id="11" name="Load" sid="6926055455898338" type="CharacterKernImpact">
                            <param id="0" name="JSON">&quot;{&quot;&quot;c2array&quot;&quot;:true,&quot;&quot;size&quot;&quot;:[2,24,1],&quot;&quot;data&quot;&quot;:[[[5],[6],[8],[9],[10],[11],[12],[13],[14],[15],[16],[17],[18],[19],[20],[21],[22],[23],[24],[25],[26],[27],[28],[36]],[[&quot;&quot;|&quot;&quot;],[&quot;&quot;.,;:&apos;&quot;&quot;],[&quot;&quot;Iil![&quot;&quot;],[&quot;&quot;]`&quot;&quot;],[&quot;&quot;Jfj-()*&quot;&quot;],[&quot;&quot;rtг&quot;&quot;],[&quot;&quot;Lz\&quot;&quot;°«»&quot;&quot;],[&quot;&quot;1EÉF7ГЕЁ&quot;&quot;],[&quot;&quot;Z\\/&quot;&quot;],[&quot;&quot;cстэ&quot;&quot;],[&quot;&quot;NPRTabdeéghknopqsux03~ЗИЙРТЭЯабвеёзнопрхчья&quot;&quot;],[&quot;&quot;BCDGHOQSUXvy245689?+=$£&lt;&gt;БВНОПСУХЧЬийку&quot;&quot;],[&quot;&quot;KY€КЦц&quot;&quot;],[&quot;&quot;AV–АЛл&quot;&quot;],[&quot;&quot;_&amp;ъ&quot;&quot;],[&quot;&quot;#Ъдм&quot;&quot;],[&quot;&quot;MДМ&quot;&quot;],[&quot;&quot;%&quot;&quot;],[&quot;&quot;w&quot;&quot;],[&quot;&quot;mЖфыю&quot;&quot;],[&quot;&quot;@ШЮжш&quot;&quot;],[&quot;&quot;ФЩЫщ&quot;&quot;],[&quot;&quot;W&quot;&quot;],[&quot;&quot;—&quot;&quot;]]]}&quot;</param>
                        </action>
                    </actions>
                </event-block>
                <comment>Заполнение массива кернинка для шрифта Unicode</comment>
                <event-block sid="8542809239745522">
                    <conditions />
                    <actions>
                        <action id="0" name="Call function" sid="4726812392393357" type="Function">
                            <param id="0" name="Name">&quot;TranslateTitles&quot;</param>
                            <param id="1" name="Parameter {n}"></param>
                        </action>
                    </actions>
                </event-block>
                <comment>Загрузка рекламы на старте Лейаута</comment>
                <event-block sid="1465844322384662">
                    <conditions>
                        <condition id="0" name="Is Canvas+" sid="4752887718369616" type="CocoonCanvasplus" />
                    </conditions>
                    <actions>
                        <action id="13" name="Load interstitial" sid="6268744755435876" type="CocoonAds" />
                    </actions>
                </event-block>
            </sub-events>
        </event-block>
        <event-block sid="7202419553149418">
            <conditions>
                <condition id="0" name="On login success" sid="206655390423451" type="CocoonGooglePlayGames" />
            </conditions>
            <actions>
                <action id="0" name="Set text" sid="1459577564495676" type="DebugText">
                    <param id="0" name="Text">&quot;Google Games logged!&quot;</param>
                </action>
                <action id="3" name="Request player score" sid="4482588769091425" type="CocoonGooglePlayGames">
                    <param id="0" name="Leaderboard">&quot;CgkIyJr33ZUeEAIQAQ&quot;</param>
                </action>
                <action id="1" name="Append text" sid="5269664552183764" type="DebugText">
                    <param id="0" name="Text">newline &amp; &quot;LeaderBoard: &quot; &amp; CocoonGooglePlayGames.PlayerScore</param>
                </action>
            </actions>
        </event-block>
        <event-block sid="6952649603095569">
            <conditions>
                <condition id="1" name="On login fail" sid="8646475791819791" type="CocoonGooglePlayGames" />
            </conditions>
            <actions>
                <action id="0" name="Set text" sid="1680453410848458" type="DebugText">
                    <param id="0" name="Text">&quot;Login failed!&quot;</param>
                </action>
            </actions>
        </event-block>
        <event-group description="" sid="6885514626342667" title="Элементы управления">
            <sub-events>
                <event-block sid="3785003704806859">
                    <conditions>
                        <condition id="17" name="On tap object" sid="6215982598522518" type="Touch">
                            <param id="0" name="Object">btn_Play</param>
                        </condition>
                    </conditions>
                    <actions>
                        <action id="0" name="Play" sid="519155983283054" type="Audio">
                            <param id="0" name="Audio file">radiy__click</param>
                            <param id="2" name="Loop">0</param>
                            <param id="3" name="Volume">0</param>
                            <param id="1" name="Tag (optional)">&quot;&quot;</param>
                        </action>
                        <action id="-2" name="Go to layout" sid="8243775995061915" type="System">
                            <param id="0" name="Layout">Levels</param>
                        </action>
                    </actions>
                </event-block>
                <event-block sid="7215204881308457">
                    <conditions>
                        <condition id="17" name="On tap object" sid="6337372513380311" type="Touch">
                            <param id="0" name="Object">btn_Lang</param>
                        </condition>
                    </conditions>
                    <actions>
                        <action id="0" name="Play" sid="4441914714166844" type="Audio">
                            <param id="0" name="Audio file">radiy__click</param>
                            <param id="2" name="Loop">0</param>
                            <param id="3" name="Volume">0</param>
                            <param id="1" name="Tag (optional)">&quot;&quot;</param>
                        </action>
                        <action id="0" name="Call function" sid="1694729808358477" type="Function">
                            <param id="0" name="Name">&quot;ChangeLanguage&quot;</param>
                            <param id="1" name="Parameter {n}"></param>
                        </action>
                    </actions>
                </event-block>
                <event-block sid="9614473124730392">
                    <conditions>
                        <condition id="17" name="On tap object" sid="3298389993732738" type="Touch">
                            <param id="0" name="Object">btn_Rules</param>
                        </condition>
                    </conditions>
                    <actions>
                        <action id="0" name="Play" sid="4283382173099825" type="Audio">
                            <param id="0" name="Audio file">radiy__click</param>
                            <param id="2" name="Loop">0</param>
                            <param id="3" name="Volume">0</param>
                            <param id="1" name="Tag (optional)">&quot;&quot;</param>
                        </action>
                        <action id="-2" name="Go to layout" sid="7617573405361126" type="System">
                            <param id="0" name="Layout">Rules</param>
                        </action>
                    </actions>
                </event-block>
                <event-block sid="8865867423089274">
                    <conditions>
                        <condition id="17" name="On tap object" sid="1887230285008095" type="Touch">
                            <param id="0" name="Object">btn_Winners</param>
                        </condition>
                    </conditions>
                    <actions>
                        <action id="0" name="Play" sid="2798867921552328" type="Audio">
                            <param id="0" name="Audio file">radiy__click</param>
                            <param id="2" name="Loop">0</param>
                            <param id="3" name="Volume">0</param>
                            <param id="1" name="Tag (optional)">&quot;&quot;</param>
                        </action>
                        <action id="4" name="Open Leaderboard" sid="3577952304139174" type="CocoonGooglePlayGames">
                            <param id="0" name="Leaderboard">&quot;CgkIyJr33ZUeEAIQAQ&quot;</param>
                        </action>
                    </actions>
                </event-block>
                <event-block sid="3562219796516159">
                    <conditions>
                        <condition id="17" name="On tap object" sid="8217311453510876" type="Touch">
                            <param id="0" name="Object">btn_Achievement</param>
                        </condition>
                    </conditions>
                    <actions>
                        <action id="0" name="Play" sid="235202663999433" type="Audio">
                            <param id="0" name="Audio file">radiy__click</param>
                            <param id="2" name="Loop">0</param>
                            <param id="3" name="Volume">0</param>
                            <param id="1" name="Tag (optional)">&quot;&quot;</param>
                        </action>
                        <action id="6" name="Show Achievements" sid="4001636151663668" type="CocoonGooglePlayGames" />
                    </actions>
                </event-block>
            </sub-events>
        </event-group>
        <comment>Смена названий на кнопках при смене языка&#x0D;&#x0A;Все разом за счет объединения кнопок в MainButtons Family</comment>
        <event-block sid="8880103627207729">
            <conditions>
                <condition id="0" name="On function" sid="3007016554436795" type="Function">
                    <param id="0" name="Name">&quot;TranslateTitles&quot;</param>
                </condition>
            </conditions>
            <actions>
                <action id="4" name="Set animation" sid="3270024121756644" type="MainButtons">
                    <param id="0" name="Animation">Language</param>
                    <param id="1" name="From">1</param>
                </action>
            </actions>
        </event-block>
        <comment>Смена языка на противоположный, запоминание в хранилище, вызов функции переключения языков на кнопках TranslateTitles</comment>
        <event-block sid="3797204508501374">
            <conditions>
                <condition id="0" name="On function" sid="8982156776000046" type="Function">
                    <param id="0" name="Name">&quot;ChangeLanguage&quot;</param>
                </condition>
            </conditions>
            <actions />
            <sub-events>
                <event-block sid="1246991583924579">
                    <conditions>
                        <condition id="-8" name="Compare two values" sid="1140659603810418" type="System">
                            <param id="0" name="First value">Language</param>
                            <param id="1" name="Comparison">0</param>
                            <param id="2" name="Second value">&quot;RU&quot;</param>
                        </condition>
                    </conditions>
                    <actions>
                        <action id="-9" name="Set value" sid="9631711604479574" type="System">
                            <param id="0" name="Variable">Language</param>
                            <param id="1" name="Value">&quot;EN&quot;</param>
                        </action>
                        <action id="0" name="Set local value" sid="4763997136694404" type="WebStorage">
                            <param id="0" name="Key">&quot;Language&quot;</param>
                            <param id="1" name="Value">Language</param>
                        </action>
                    </actions>
                    <sub-events>
                        <event-block sid="70771022139399">
                            <conditions />
                            <actions>
                                <action id="0" name="Call function" sid="2768056777817542" type="Function">
                                    <param id="0" name="Name">&quot;TranslateTitles&quot;</param>
                                    <param id="1" name="Parameter {n}"></param>
                                </action>
                            </actions>
                        </event-block>
                    </sub-events>
                </event-block>
                <event-block sid="8281235086949518">
                    <conditions>
                        <condition id="-22" name="Else" sid="5925884423635664" type="System" />
                    </conditions>
                    <actions>
                        <action id="-9" name="Set value" sid="3941597853964349" type="System">
                            <param id="0" name="Variable">Language</param>
                            <param id="1" name="Value">&quot;RU&quot;</param>
                        </action>
                        <action id="0" name="Set local value" sid="5539213814903397" type="WebStorage">
                            <param id="0" name="Key">&quot;Language&quot;</param>
                            <param id="1" name="Value">Language</param>
                        </action>
                    </actions>
                    <sub-events>
                        <event-block sid="4183717019763801">
                            <conditions />
                            <actions>
                                <action id="0" name="Call function" sid="8981508232856497" type="Function">
                                    <param id="0" name="Name">&quot;TranslateTitles&quot;</param>
                                    <param id="1" name="Parameter {n}"></param>
                                </action>
                            </actions>
                        </event-block>
                    </sub-events>
                </event-block>
            </sub-events>
        </event-block>
        <event-block sid="4890877620104457">
            <conditions />
            <actions />
        </event-block>
    </events>
</c2eventsheet>
