﻿<?xml version="1.0" encoding="utf-8" ?>
<c2eventsheet>
    <!--All the 'name' attributes are ignored by Construct 2 - they are there for readability only.-->
    <name>Debug</name>
    <events>
        <event-block sid="84063229522809">
            <conditions>
                <condition id="17" name="On tap object" sid="2733002278841356" type="Touch">
                    <param id="0" name="Object">DebugButton</param>
                </condition>
            </conditions>
            <actions />
            <sub-events>
                <event-block sid="3430751594343213">
                    <conditions>
                        <condition id="-9" inverted="1" name="Is visible" sid="7438648622006748" type="DebugPanel" />
                    </conditions>
                    <actions>
                        <action id="-15" name="Set visible" sid="5955742797499526" type="DebugPanel">
                            <param id="0" name="Visibility">1</param>
                        </action>
                        <action id="-15" name="Set visible" sid="1834016447277876" type="DebugText">
                            <param id="0" name="Visibility">1</param>
                        </action>
                        <action id="-8" name="Set angle" sid="6379860309955048" type="DebugButton">
                            <param id="0" name="Angle">180</param>
                        </action>
                    </actions>
                </event-block>
                <event-block sid="6859127757881474">
                    <conditions>
                        <condition id="-22" name="Else" sid="6141984560704962" type="System" />
                    </conditions>
                    <actions>
                        <action id="-15" name="Set visible" sid="9370021385802381" type="DebugPanel">
                            <param id="0" name="Visibility">0</param>
                        </action>
                        <action id="-15" name="Set visible" sid="4198789302414716" type="DebugText">
                            <param id="0" name="Visibility">0</param>
                        </action>
                        <action id="-8" name="Set angle" sid="9918866231521594" type="DebugButton">
                            <param id="0" name="Angle">0</param>
                        </action>
                    </actions>
                </event-block>
            </sub-events>
        </event-block>
        <event-block sid="8608602499736583">
            <conditions>
                <condition id="-2" name="On start of layout" sid="4425665221409476" type="System" />
            </conditions>
            <actions>
                <action id="-15" name="Set visible" sid="2472919744357061" type="DebugPanel">
                    <param id="0" name="Visibility">0</param>
                </action>
                <action id="-15" name="Set visible" sid="9176250877512761" type="DebugText">
                    <param id="0" name="Visibility">0</param>
                </action>
                <action id="-2" name="Set Y" sid="703874675759796" type="DebugButton">
                    <param id="0" name="Y">ViewportTop(0) + DebugButton.Y</param>
                </action>
                <action id="-2" name="Set Y" sid="8697390628676058" type="DebugPanel">
                    <param id="0" name="Y">ViewportTop(0) + DebugPanel.Y</param>
                </action>
                <action id="-2" name="Set Y" sid="9409240794071626" type="DebugText">
                    <param id="0" name="Y">ViewportTop(0) + DebugText.Y</param>
                </action>
            </actions>
        </event-block>
    </events>
</c2eventsheet>
