﻿<?xml version="1.0" encoding="utf-8" ?>
<c2eventsheet>
    <!--All the 'name' attributes are ignored by Construct 2 - they are there for readability only.-->
    <name>Rules Events</name>
    <events>
        <include>Functions</include>
        <event-block sid="4219781148828997">
            <conditions>
                <condition id="-2" name="On start of layout" sid="7349419509151899" type="System" />
            </conditions>
            <actions>
                <action id="0" name="Call function" sid="4280223544217512" type="Function">
                    <param id="0" name="Name">&quot;TranslateTitles&quot;</param>
                    <param id="1" name="Parameter {n}"></param>
                </action>
                <action id="0" name="Call function" sid="3172001633890218" type="Function">
                    <param id="0" name="Name">&quot;setInterfaceForStart&quot;</param>
                    <param id="1" name="Parameter {n}"></param>
                </action>
            </actions>
        </event-block>
        <event-block sid="4969811945380783">
            <conditions>
                <condition id="3" name="On touched object" sid="6377360107982333" type="Touch">
                    <param id="0" name="Object">btn_Home</param>
                </condition>
            </conditions>
            <actions>
                <action id="0" name="Play" sid="3009128927287553" type="Audio">
                    <param id="0" name="Audio file">radiy__click</param>
                    <param id="2" name="Loop">0</param>
                    <param id="3" name="Volume">0</param>
                    <param id="1" name="Tag (optional)">&quot;&quot;</param>
                </action>
                <action id="-2" name="Go to layout" sid="1151111708867683" type="System">
                    <param id="0" name="Layout">StartLayout</param>
                </action>
            </actions>
        </event-block>
        <event-block sid="8378332449994032">
            <conditions>
                <condition id="3" name="On touched object" sid="8809956427976244" type="Touch">
                    <param id="0" name="Object">btn_Levels</param>
                </condition>
            </conditions>
            <actions>
                <action id="0" name="Play" sid="4356240655752752" type="Audio">
                    <param id="0" name="Audio file">radiy__click</param>
                    <param id="2" name="Loop">0</param>
                    <param id="3" name="Volume">0</param>
                    <param id="1" name="Tag (optional)">&quot;&quot;</param>
                </action>
                <action id="-2" name="Go to layout" sid="6622777818949629" type="System">
                    <param id="0" name="Layout">Levels</param>
                </action>
            </actions>
        </event-block>
        <event-block sid="2214250543500958">
            <conditions>
                <condition id="0" name="On function" sid="4538132153352428" type="Function">
                    <param id="0" name="Name">&quot;TranslateTitles&quot;</param>
                </condition>
            </conditions>
            <actions>
                <action id="4" name="Set animation" sid="4049611419445304" type="rulesText">
                    <param id="0" name="Animation">Language</param>
                    <param id="1" name="From">1</param>
                </action>
            </actions>
        </event-block>
    </events>
</c2eventsheet>
