﻿<?xml version="1.0" encoding="utf-8" ?>
<c2uistate>
    <!--This is a UI state file - its content describes the user interface settings when the project was last open.
It is entirely optional and the project will load without it.  If you are placing the project under source control,
you probably do not want to add any .uistate.xml files to the repository.-->
    <configurations>
        <active>
            <configuration name="HTML5" />
        </active>
        <display name="HTML5" />
    </configurations>
    <open-tabs>
        <layout order="1">StartLayout</layout>
        <layout order="3">Game</layout>
        <event-sheet order="0">Debug</event-sheet>
        <event-sheet order="2">StartLayout Events</event-sheet>
        <event-sheet order="4">Game Events</event-sheet>
        <event-sheet active="1" order="5">Levels Events</event-sheet>
    </open-tabs>
    <properties>
        <property expanded="1" name="About" />
        <property expanded="1" name="Project settings" />
        <property expanded="0" name="Window Size" />
        <property expanded="1" name="Configuration Settings" />
    </properties>
    <families-expanded root="0">
        <family expanded="1" name="AnswersButtons" />
        <family expanded="1" name="MainButtons" />
        <family expanded="1" name="LevelTitles" />
        <family expanded="0" name="Controls" />
    </families-expanded>
    <folders-expanded>
        <folder expanded="0" path="object-folder/" />
        <folder expanded="0" path="object-folder/Games Elements/" />
        <folder expanded="1" path="object-folder/StartPage Elements/" />
        <folder expanded="0" path="object-folder/Levels/" />
        <folder expanded="1" path="object-folder/Other/" />
        <folder expanded="0" path="object-folder/Objects/" />
        <folder expanded="0" path="object-folder/Debug/" />
        <folder expanded="1" path="layout-folder/" />
        <folder expanded="1" path="event-folder/" />
        <folder expanded="0" path="file-folder/" />
        <folder expanded="1" path="sound-folder/" />
        <folder expanded="1" path="music-folder/" />
        <folder expanded="0" path="file-folder/Icons/" />
        <folder expanded="1" path="animation-folder/01_digit/" />
        <folder expanded="1" path="animation-folder/02_digit/" />
        <folder expanded="1" path="animation-folder/03_digit/" />
        <folder expanded="1" path="animation-folder/04_digit/" />
        <folder expanded="1" path="animation-folder/actors_frame/" />
        <folder expanded="1" path="animation-folder/actorsFrame/" />
        <folder expanded="1" path="animation-folder/actorsFrame_bg/" />
        <folder expanded="1" path="animation-folder/answer_frame/" />
        <folder expanded="1" path="animation-folder/answer_spot/" />
        <folder expanded="1" path="animation-folder/exitWindow/" />
        <folder expanded="1" path="animation-folder/btn_GameExit/" />
        <folder expanded="1" path="animation-folder/grayTrasparentBg/" />
        <folder expanded="1" path="animation-folder/clock/" />
        <folder expanded="1" path="animation-folder/btn_Cancel_white/" />
        <folder expanded="1" path="animation-folder/btn_OK_white/" />
        <folder expanded="1" path="animation-folder/windowText/" />
        <folder expanded="1" path="animation-folder/bg_startLayout/" />
        <folder expanded="1" path="animation-folder/btn_Lang/" />
        <folder expanded="1" path="animation-folder/btn_Next/" />
        <folder expanded="1" path="animation-folder/btn_Play/" />
        <folder expanded="1" path="animation-folder/btn_Rules/" />
        <folder expanded="1" path="animation-folder/btn_Winners/" />
        <folder expanded="1" path="animation-folder/btn_Achievement/" />
        <folder expanded="1" path="animation-folder/expertText/" />
        <folder expanded="1" path="animation-folder/kinomaniakText/" />
        <folder expanded="1" path="animation-folder/noviceText/" />
        <folder expanded="1" path="animation-folder/level_Frame/" />
        <folder expanded="1" path="animation-folder/levelIcon/" />
        <folder expanded="1" path="animation-folder/btn_Home/" />
        <folder expanded="1" path="animation-folder/button_bg/" />
        <folder expanded="1" path="animation-folder/btn_Levels/" />
        <folder expanded="1" path="animation-folder/Next_element/" />
        <folder expanded="1" path="animation-folder/DebugButton/" />
        <folder expanded="1" path="animation-folder/DebugPanel/" />
        <folder expanded="1" path="animation-folder/bg_usual/" />
        <folder expanded="1" path="animation-folder/rulesText/" />
        <folder expanded="1" path="animation-folder/FilmFone/" />
    </folders-expanded>
</c2uistate>
