﻿<?xml version="1.0" encoding="utf-8" ?>
<c2eventsheet>
    <!--All the 'name' attributes are ignored by Construct 2 - they are there for readability only.-->
    <name>Functions</name>
    <events>
        <comment>Параметры: (1) - номер отыгранного уровня&#x0D;&#x0A;Обновление состояния уровней:&#x0D;&#x0A;- В цикле проверяем текущее состояние уровня (лок/нелок)&#x0D;&#x0A;    По счету незалокированного предыдущего уровня определяемся с разлокированием текущего&#x0D;&#x0A;&#x0D;&#x0A;- По окончании синхронизируем в направлении «МассивУровней -&gt; Хранилище»&#x0D;&#x0A;- Возврат функции - разность нового значения уровня и старого (если уровень открылся, то 1-0 = 1, иначе будет 0)!!!</comment>
        <event-block sid="1680478842828319">
            <conditions>
                <condition id="0" name="On function" sid="8101898156061804" type="Function">
                    <param id="0" name="Name">&quot;updateLevelsLock&quot;</param>
                </condition>
            </conditions>
            <actions />
            <sub-events>
                <variable constant="0" name="oldNextLevelStatus" sid="5207065254682877" static="0" type="number">0</variable>
                <variable constant="0" name="newNextLevelStatus" sid="5710430804810838" static="0" type="number">0</variable>
                <variable constant="0" name="prevScore" sid="5014663245823491" static="0" type="number">0</variable>
                <event-block sid="2739857990622569">
                    <conditions />
                    <actions>
                        <action id="-9" name="Set value" sid="7592436563575303" type="System">
                            <param id="0" name="Variable">oldNextLevelStatus</param>
                            <param id="1" name="Value">levels.At(Function.Param(0)+1, 0)</param>
                        </action>
                    </actions>
                </event-block>
                <event-block sid="7135403660235988">
                    <conditions>
                        <condition id="-10" name="For" sid="8866641301475234" type="System">
                            <param id="0" name="Name">&quot;counter&quot;</param>
                            <param id="1" name="Start index">0</param>
                            <param id="2" name="End index">levels.Width - 1</param>
                        </condition>
                    </conditions>
                    <actions />
                    <sub-events>
                        <event-block sid="6743041387867841">
                            <conditions>
                                <condition id="-8" name="Compare two values" sid="172919324328978" type="System">
                                    <param id="0" name="First value">levels.At(loopindex,0)</param>
                                    <param id="1" name="Comparison">1</param>
                                    <param id="2" name="Second value">0</param>
                                </condition>
                            </conditions>
                            <actions>
                                <action id="-9" name="Set value" sid="9248107171972985" type="System">
                                    <param id="0" name="Variable">prevScore</param>
                                    <param id="1" name="Value">levels.At(loopindex,1)</param>
                                </action>
                            </actions>
                        </event-block>
                        <event-block sid="908276860497402">
                            <conditions>
                                <condition id="-22" name="Else" sid="1979934399695836" type="System" />
                            </conditions>
                            <actions />
                            <sub-events>
                                <event-block sid="6906200536828152">
                                    <conditions>
                                        <condition id="-8" name="Compare two values" sid="8288933217654674" type="System">
                                            <param id="0" name="First value">levels.At(loopindex,0)</param>
                                            <param id="1" name="Comparison">0</param>
                                            <param id="2" name="Second value">0</param>
                                        </condition>
                                        <condition id="-8" name="Compare two values" sid="9911558486564021" type="System">
                                            <param id="0" name="First value">prevScore</param>
                                            <param id="1" name="Comparison">5</param>
                                            <param id="2" name="Second value">SCORE_PASSING</param>
                                        </condition>
                                    </conditions>
                                    <actions>
                                        <action id="3" name="Set at XY" sid="8886643073555418" type="levels">
                                            <param id="0" name="X">loopindex</param>
                                            <param id="1" name="Y">0</param>
                                            <param id="2" name="Value">1</param>
                                        </action>
                                        <action id="8" name="Submit Achievement" sid="1343700125508068" type="CocoonGooglePlayGames">
                                            <param id="0" name="Achievement ID">levels.At(loopindex - 1,2)</param>
                                        </action>
                                        <action id="-24" name="Stop loop" sid="1897245501658571" type="System" />
                                        <action id="-9" name="Set value" sid="5764392046196934" type="System">
                                            <param id="0" name="Variable">newNextLevelStatus</param>
                                            <param id="1" name="Value">levels.At(Function.Param(0)+1, 0)</param>
                                        </action>
                                        <action id="1" name="Append text" sid="1768567744952207" type="DebugText">
                                            <param id="0" name="Text">newline &amp; &quot;Achievment code: &quot; &amp; levels.At(loopindex - 1,2)</param>
                                        </action>
                                    </actions>
                                </event-block>
                            </sub-events>
                        </event-block>
                    </sub-events>
                </event-block>
                <event-block sid="1159918305332366">
                    <conditions />
                    <actions>
                        <action id="0" name="Call function" sid="5029673198660768" type="Function">
                            <param id="0" name="Name">&quot;synchronizeArrayToStorage&quot;</param>
                            <param id="1" name="Parameter {n}"></param>
                        </action>
                        <action id="1" name="Set return value" sid="6691782089489777" type="Function">
                            <param id="0" name="Value">newNextLevelStatus - oldNextLevelStatus</param>
                        </action>
                    </actions>
                </event-block>
            </sub-events>
        </event-block>
        <comment>Синхронизация в направлении «МассивУровней -&gt; Хранилище»&#x0D;&#x0A;Перебором массива добавляем все значения контакенацией в строковую переменную и заливаем в хранилище.&#x0D;&#x0A;Формат сохранения пример: &quot;1:5;1:3;0:0...&quot;</comment>
        <event-block sid="941075391832245">
            <conditions>
                <condition id="0" name="On function" sid="636400985950687" type="Function">
                    <param id="0" name="Name">&quot;synchronizeArrayToStorage&quot;</param>
                </condition>
            </conditions>
            <actions />
            <sub-events>
                <variable constant="0" name="RESULTS" sid="632177572312794" static="0" type="text"></variable>
                <event-block sid="5779407897984193">
                    <conditions>
                        <condition id="3" name="For each element" sid="258985504164828" type="levels">
                            <param id="0" name="Axes">2</param>
                        </condition>
                    </conditions>
                    <actions>
                        <action id="-10" name="Add to" sid="6639787386103624" type="System">
                            <param id="0" name="Variable">RESULTS</param>
                            <param id="1" name="Value">levels.At(levels.CurX, 0)&amp; &quot;:&quot; &amp; levels.At(levels.CurX, 1) &amp; &quot;:&quot; &amp; levels.At(levels.CurX, 2) &amp;&quot;;&quot;</param>
                        </action>
                    </actions>
                </event-block>
                <event-block sid="3018854790032348">
                    <conditions />
                    <actions>
                        <action id="-9" name="Set value" sid="78350957834699" type="System">
                            <param id="0" name="Variable">RESULTS</param>
                            <param id="1" name="Value">mid(RESULTS, 0, len(RESULTS) - 1)</param>
                        </action>
                        <action id="0" name="Set local value" sid="8013586703955272" type="WebStorage">
                            <param id="0" name="Key">&quot;Levels&quot;</param>
                            <param id="1" name="Value">RESULTS</param>
                        </action>
                        <action id="1" name="Append text" sid="1991387943259067" type="DebugText">
                            <param id="0" name="Text">newline &amp; &quot;Result levels : &quot; &amp; RESULTS</param>
                        </action>
                    </actions>
                </event-block>
            </sub-events>
        </event-block>
        <comment>Заполнение массива данных по локами и очкам уровней парсингом строки из первого параметра&#x0D;&#x0A;1 - Строка в формате &quot;1:5;1:3;0:0...&quot;, которая парсится в члены массива</comment>
        <event-block sid="8925045149027897">
            <conditions>
                <condition id="0" name="On function" sid="8489957692739523" type="Function">
                    <param id="0" name="Name">&quot;fillLevels&quot;</param>
                </condition>
            </conditions>
            <actions />
            <sub-events>
                <variable constant="0" name="levelsCount" sid="4548584980245421" static="0" type="number">0</variable>
                <event-block sid="1786732123153372">
                    <conditions />
                    <actions>
                        <action id="-9" name="Set value" sid="2899915559339295" type="System">
                            <param id="0" name="Variable">levelsCount</param>
                            <param id="1" name="Value">tokencount(Function.Param(0), &quot;;&quot;)</param>
                        </action>
                        <action id="1" name="Set size" sid="217164958728908" type="levels">
                            <param id="0" name="Width">15</param>
                            <param id="1" name="Height">3</param>
                            <param id="2" name="Depth">1</param>
                        </action>
                    </actions>
                </event-block>
                <event-block sid="4074143828971677">
                    <conditions>
                        <condition id="-10" name="For" sid="1085874281994771" type="System">
                            <param id="0" name="Name">&quot;levels&quot;</param>
                            <param id="1" name="Start index">0</param>
                            <param id="2" name="End index">levelsCount - 1</param>
                        </condition>
                    </conditions>
                    <actions>
                        <action id="3" name="Set at XY" sid="7989972446032248" type="levels">
                            <param id="0" name="X">loopindex</param>
                            <param id="1" name="Y">0</param>
                            <param id="2" name="Value">int(tokenat(tokenat(Function.Param(0), loopindex, &quot;;&quot;), 0, &quot;:&quot;))</param>
                        </action>
                        <action id="3" name="Set at XY" sid="8552011048037968" type="levels">
                            <param id="0" name="X">loopindex</param>
                            <param id="1" name="Y">1</param>
                            <param id="2" name="Value">int(tokenat(tokenat(Function.Param(0), loopindex, &quot;;&quot;), 1, &quot;:&quot;))</param>
                        </action>
                        <action id="3" name="Set at XY" sid="8998041383530537" type="levels">
                            <param id="0" name="X">loopindex</param>
                            <param id="1" name="Y">2</param>
                            <param id="2" name="Value">tokenat(tokenat(Function.Param(0), loopindex, &quot;;&quot;), 2, &quot;:&quot;)</param>
                        </action>
                    </actions>
                </event-block>
            </sub-events>
        </event-block>
        <comment>Подсчет общего набранного счета по данным уровней. Очки за каждый правильный ответ по уровням: 1 - 11, 2 - 12, 3 - 13 и т.д.</comment>
        <event-block sid="9430226626885993">
            <conditions>
                <condition id="0" name="On function" sid="1673540815795912" type="Function">
                    <param id="0" name="Name">&quot;calculateTotalScore&quot;</param>
                </condition>
            </conditions>
            <actions />
            <sub-events>
                <variable constant="0" name="RESULTS" sid="4169683379362393" static="0" type="number">0</variable>
                <event-block sid="451802573649986">
                    <conditions>
                        <condition id="-10" name="For" sid="8251316870634028" type="System">
                            <param id="0" name="Name">&quot;levels&quot;</param>
                            <param id="1" name="Start index">0</param>
                            <param id="2" name="End index">levels.Width-1</param>
                        </condition>
                    </conditions>
                    <actions>
                        <action id="-10" name="Add to" sid="8510010339898762" type="System">
                            <param id="0" name="Variable">RESULTS</param>
                            <param id="1" name="Value">int(levels.At(loopindex, 1)*10*(1+(loopindex+1)/10))</param>
                        </action>
                    </actions>
                </event-block>
                <comment>возвращаемое функцией значение</comment>
                <event-block sid="3339948661297071">
                    <conditions />
                    <actions>
                        <action id="1" name="Set return value" sid="961382896785269" type="Function">
                            <param id="0" name="Value">RESULTS</param>
                        </action>
                    </actions>
                </event-block>
            </sub-events>
        </event-block>
        <comment>Синхронизация в направление &quot;Локальный счет -&gt; Хранилище&quot; и &quot;Хранилище -&gt; Локальный счет&quot;</comment>
        <event-block sid="9298949351300598">
            <conditions>
                <condition id="0" name="On function" sid="1022188834570849" type="Function">
                    <param id="0" name="Name">&quot;syncScoreToStorage&quot;</param>
                </condition>
            </conditions>
            <actions />
            <sub-events>
                <variable constant="0" name="scoreFromWebstorage" sid="8861260200817015" static="0" type="number">0</variable>
                <event-block sid="9555987919245922">
                    <conditions>
                        <condition id="3" name="Local key exists" sid="1445488739171258" type="WebStorage">
                            <param id="0" name="Key">&quot;TotalScore&quot;</param>
                        </condition>
                    </conditions>
                    <actions>
                        <action id="-9" name="Set value" sid="9565629687431982" type="System">
                            <param id="0" name="Variable">scoreFromWebstorage</param>
                            <param id="1" name="Value">WebStorage.LocalValue(&quot;TotalScore&quot;)</param>
                        </action>
                    </actions>
                    <sub-events>
                        <comment>Проверяем, где счет больше, в хранилище или в текущем локале и синхронизируем</comment>
                        <event-block sid="907573022380053">
                            <conditions>
                                <condition id="-14" name="Compare variable" sid="6422602764450149" type="System">
                                    <param id="0" name="Variable">totalScore</param>
                                    <param id="1" name="Comparison">4</param>
                                    <param id="2" name="Value">scoreFromWebstorage</param>
                                </condition>
                            </conditions>
                            <actions>
                                <action id="0" name="Set local value" sid="4232891380784216" type="WebStorage">
                                    <param id="0" name="Key">&quot;TotalScore&quot;</param>
                                    <param id="1" name="Value">totalScore</param>
                                </action>
                            </actions>
                        </event-block>
                        <event-block sid="1844436736465673">
                            <conditions>
                                <condition id="-22" name="Else" sid="3270975792831144" type="System" />
                            </conditions>
                            <actions>
                                <action id="-9" name="Set value" sid="5735995849290879" type="System">
                                    <param id="0" name="Variable">totalScore</param>
                                    <param id="1" name="Value">scoreFromWebstorage</param>
                                </action>
                            </actions>
                        </event-block>
                    </sub-events>
                </event-block>
            </sub-events>
        </event-block>
        <comment>Синхронизация в направлении &quot;Локальный счет -&gt; Google Leaderboard&quot; и &quot;Google Leaderboard -&gt; Локальный счет&quot;</comment>
        <event-block sid="7931765019845415">
            <conditions>
                <condition id="0" name="On function" sid="6491378573951993" type="Function">
                    <param id="0" name="Name">&quot;syncScoreToLeaderboard&quot;</param>
                </condition>
            </conditions>
            <actions />
            <sub-events>
                <variable constant="0" name="scoreLeaderboard" sid="1567692808256522" static="0" type="number">0</variable>
                <event-block sid="1492457039066199">
                    <conditions />
                    <actions>
                        <action id="-9" name="Set value" sid="9298996495356329" type="System">
                            <param id="0" name="Variable">scoreLeaderboard</param>
                            <param id="1" name="Value">CocoonGooglePlayGames.PlayerScore</param>
                        </action>
                        <action id="1" name="Append text" sid="5752519791345687" type="DebugText">
                            <param id="0" name="Text">newline &amp; &quot;Google Score is: &quot; &amp; scoreLeaderboard</param>
                        </action>
                    </actions>
                    <sub-events>
                        <event-block sid="7301291891901646">
                            <conditions>
                                <condition id="-8" name="Compare two values" sid="9170525824768373" type="System">
                                    <param id="0" name="First value">totalScore</param>
                                    <param id="1" name="Comparison">4</param>
                                    <param id="2" name="Second value">scoreLeaderboard</param>
                                </condition>
                            </conditions>
                            <actions>
                                <action id="-9" name="Set value" sid="9849775295995169" type="System">
                                    <param id="0" name="Variable">scoreLeaderboard</param>
                                    <param id="1" name="Value">totalScore</param>
                                </action>
                                <action id="2" name="Submit score" sid="1700178620467015" type="CocoonGooglePlayGames">
                                    <param id="0" name="Score">scoreLeaderboard</param>
                                    <param id="1" name="Leaderboard">&quot;CgkIyJr33ZUeEAIQAQ&quot;</param>
                                </action>
                            </actions>
                        </event-block>
                    </sub-events>
                </event-block>
            </sub-events>
        </event-block>
        <event-group description="" sid="3508269362442788" title="Изменение интерфейса под разрешение разных устройств">
            <sub-events>
                <comment>iPhone и iPad (Start Layout)</comment>
                <event-block sid="5686548201306533">
                    <conditions>
                        <condition id="0" name="On function" sid="482208931266966" type="Function">
                            <param id="0" name="Name">&quot;setInterfaceForStart&quot;</param>
                        </condition>
                    </conditions>
                    <actions />
                    <sub-events>
                        <comment>iPad, iPad Mini</comment>
                        <event-block sid="2103734912902087">
                            <conditions>
                                <condition id="-8" name="Compare two values" sid="9809657594118183" type="System">
                                    <param id="0" name="First value">WindowWidth/WindowHeight</param>
                                    <param id="1" name="Comparison">5</param>
                                    <param id="2" name="Second value">0.7</param>
                                </condition>
                            </conditions>
                            <actions />
                            <sub-events>
                                <comment>Для сцены StartLayout</comment>
                                <event-block sid="5386065380078943">
                                    <conditions>
                                        <condition id="-8" name="Compare two values" sid="3978348105241312" type="System">
                                            <param id="0" name="First value">LayoutName</param>
                                            <param id="1" name="Comparison">0</param>
                                            <param id="2" name="Second value">&quot;StartLayout&quot;</param>
                                        </condition>
                                    </conditions>
                                    <actions>
                                        <action id="9" name="Set scale" sid="9244732057426474" type="btn_Play">
                                            <param id="0" name="Scale">0.8</param>
                                        </action>
                                        <action id="-2" name="Set Y" sid="1559737339273127" type="btn_Play">
                                            <param id="0" name="Y">btn_Play.Y - 10</param>
                                        </action>
                                        <action id="9" name="Set scale" sid="1504157102867187" type="btn_Lang">
                                            <param id="0" name="Scale">0.8</param>
                                        </action>
                                        <action id="-2" name="Set Y" sid="2851795639250449" type="btn_Lang">
                                            <param id="0" name="Y">btn_Lang.Y - 40</param>
                                        </action>
                                        <action id="9" name="Set scale" sid="25005884600236" type="btn_Winners">
                                            <param id="0" name="Scale">0.8</param>
                                        </action>
                                        <action id="-2" name="Set Y" sid="1821068599521869" type="btn_Winners">
                                            <param id="0" name="Y">btn_Rules.Y - 65</param>
                                        </action>
                                    </actions>
                                </event-block>
                                <comment>Для сцены Levels</comment>
                                <event-block sid="894428005807021">
                                    <conditions>
                                        <condition id="-8" name="Compare two values" sid="7799234344717198" type="System">
                                            <param id="0" name="First value">LayoutName</param>
                                            <param id="1" name="Comparison">0</param>
                                            <param id="2" name="Second value">&quot;Levels&quot;</param>
                                        </condition>
                                    </conditions>
                                    <actions>
                                        <action id="-2" name="Set Y" sid="1178735850337531" type="Controls">
                                            <param id="0" name="Y">ViewportTop(0)+75</param>
                                        </action>
                                        <action id="-1" name="Set X" sid="8669384822657399" type="btn_Home">
                                            <param id="0" name="X">ViewportLeft(0)+130</param>
                                        </action>
                                        <action id="9" name="Set scale" sid="6724626684463518" type="levelIcon">
                                            <param id="0" name="Scale">0.9</param>
                                        </action>
                                        <action id="-9" name="Set value" sid="4940535846692802" type="System">
                                            <param id="0" name="Variable">levelIconScale</param>
                                            <param id="1" name="Value">0.9</param>
                                        </action>
                                        <action id="9" name="Set scale" sid="1447281033609025" type="level_Frame">
                                            <param id="0" name="Scale">0.9</param>
                                        </action>
                                    </actions>
                                    <sub-events>
                                        <event-block sid="9676802205798308">
                                            <conditions>
                                                <condition id="-7" name="Compare instance variable" sid="2653310978391383" type="level_Frame">
                                                    <param id="0" name="Instance variable">leveFrameNum</param>
                                                    <param id="1" name="Comparison">0</param>
                                                    <param id="2" name="Value">1</param>
                                                </condition>
                                            </conditions>
                                            <actions>
                                                <action id="-2" name="Set Y" sid="6422496636886928" type="level_Frame">
                                                    <param id="0" name="Y">level_Frame.Y+70</param>
                                                </action>
                                                <action id="-2" name="Set Y" sid="6581685185726866" type="noviceText">
                                                    <param id="0" name="Y">level_Frame.Y</param>
                                                </action>
                                            </actions>
                                        </event-block>
                                        <event-block sid="6190541799188068">
                                            <conditions>
                                                <condition id="-7" name="Compare instance variable" sid="5483406481508638" type="level_Frame">
                                                    <param id="0" name="Instance variable">leveFrameNum</param>
                                                    <param id="1" name="Comparison">0</param>
                                                    <param id="2" name="Value">2</param>
                                                </condition>
                                            </conditions>
                                            <actions>
                                                <action id="-2" name="Set Y" sid="7172971938401584" type="level_Frame">
                                                    <param id="0" name="Y">level_Frame.Y+35</param>
                                                </action>
                                                <action id="-2" name="Set Y" sid="8177174588127429" type="expertText">
                                                    <param id="0" name="Y">level_Frame.Y</param>
                                                </action>
                                            </actions>
                                        </event-block>
                                        <event-block sid="3899723379630752">
                                            <conditions>
                                                <condition id="-7" name="Compare instance variable" sid="4863884410657368" type="level_Frame">
                                                    <param id="0" name="Instance variable">leveFrameNum</param>
                                                    <param id="1" name="Comparison">0</param>
                                                    <param id="2" name="Value">3</param>
                                                </condition>
                                            </conditions>
                                            <actions>
                                                <action id="-2" name="Set Y" sid="7501181817407968" type="level_Frame">
                                                    <param id="0" name="Y">level_Frame.Y</param>
                                                </action>
                                                <action id="-2" name="Set Y" sid="1158790921930387" type="kinomaniakText">
                                                    <param id="0" name="Y">level_Frame.Y-5</param>
                                                </action>
                                            </actions>
                                        </event-block>
                                    </sub-events>
                                </event-block>
                                <comment>Для сцены Game</comment>
                                <event-block sid="5863630385423593">
                                    <conditions>
                                        <condition id="-8" name="Compare two values" sid="7913396245483507" type="System">
                                            <param id="0" name="First value">LayoutName</param>
                                            <param id="1" name="Comparison">0</param>
                                            <param id="2" name="Second value">&quot;Game&quot;</param>
                                        </condition>
                                    </conditions>
                                    <actions>
                                        <action id="-2" name="Set Y" sid="8870674994733666" type="Controls">
                                            <param id="0" name="Y">ViewportTop(0)+80</param>
                                        </action>
                                        <action id="-2" name="Set Y" sid="5120808318533048" type="button_bg">
                                            <param id="0" name="Y">ViewportTop(0)+80</param>
                                        </action>
                                        <action id="-2" name="Set Y" sid="6204158952011364" type="clock">
                                            <param id="0" name="Y">ViewportTop(0)+80</param>
                                        </action>
                                        <action id="-2" name="Set Y" sid="7364672245185459" type="actors_frame">
                                            <param id="0" name="Y">Controls.Y+120</param>
                                        </action>
                                        <action id="-1" name="Set X" sid="7330771127841878" type="actorsFrame_bg">
                                            <param id="0" name="X">actors_frame.X</param>
                                        </action>
                                        <action id="-2" name="Set Y" sid="6767673686717886" type="actorsFrame_bg">
                                            <param id="0" name="Y">actors_frame.Y+actors_frame.Height/2+actorsFrame_bg.Height/2+10</param>
                                        </action>
                                        <action id="-1" name="Set X" sid="4278106781252291" type="actorsFrame">
                                            <param id="0" name="X">actorsFrame_bg.X</param>
                                        </action>
                                        <action id="-2" name="Set Y" sid="7604005595089445" type="actorsFrame">
                                            <param id="0" name="Y">actorsFrame_bg.Y</param>
                                        </action>
                                    </actions>
                                    <sub-events>
                                        <event-block sid="7029640782888197">
                                            <conditions>
                                                <condition id="-7" name="Compare instance variable" sid="1533417274896838" type="GameText">
                                                    <param id="0" name="Instance variable">type</param>
                                                    <param id="1" name="Comparison">0</param>
                                                    <param id="2" name="Value">&quot;answer&quot;</param>
                                                </condition>
                                            </conditions>
                                            <actions>
                                                <action id="2" name="Set scale" sid="6047480651719827" type="GameText">
                                                    <param id="0" name="Scale">0.60</param>
                                                </action>
                                                <action id="9" name="Set scale" sid="245212351005406" type="answer_spot">
                                                    <param id="0" name="Scale">0.60</param>
                                                </action>
                                                <action id="9" name="Set scale" sid="1309145675079329" type="AnswersButtons">
                                                    <param id="0" name="Scale">0.60</param>
                                                </action>
                                                <action id="9" name="Set scale" sid="5491536072460309" type="answer_frame">
                                                    <param id="0" name="Scale">0.60</param>
                                                </action>
                                            </actions>
                                        </event-block>
                                        <event-block sid="5070389106095919">
                                            <conditions>
                                                <condition id="-10" name="For" sid="3096263319555536" type="System">
                                                    <param id="0" name="Name">&quot;counter&quot;</param>
                                                    <param id="1" name="Start index">1</param>
                                                    <param id="2" name="End index">4</param>
                                                </condition>
                                            </conditions>
                                            <actions />
                                            <sub-events>
                                                <event-block sid="4954109704748085">
                                                    <conditions>
                                                        <condition id="-7" name="Compare instance variable" sid="6182784393290425" type="GameText">
                                                            <param id="0" name="Instance variable">number</param>
                                                            <param id="1" name="Comparison">0</param>
                                                            <param id="2" name="Value">loopindex</param>
                                                        </condition>
                                                        <condition id="-7" name="Compare instance variable" sid="2745468937874085" type="answer_spot">
                                                            <param id="0" name="Instance variable">number</param>
                                                            <param id="1" name="Comparison">0</param>
                                                            <param id="2" name="Value">loopindex</param>
                                                        </condition>
                                                        <condition id="-7" name="Compare instance variable" sid="8718671526193031" type="answer_frame">
                                                            <param id="0" name="Instance variable">number</param>
                                                            <param id="1" name="Comparison">0</param>
                                                            <param id="2" name="Value">loopindex</param>
                                                        </condition>
                                                        <condition id="-7" name="Compare instance variable" sid="3220183104651234" type="answerFrame">
                                                            <param id="0" name="Instance variable">number</param>
                                                            <param id="1" name="Comparison">0</param>
                                                            <param id="2" name="Value">loopindex</param>
                                                        </condition>
                                                        <condition id="-7" name="Compare instance variable" sid="8471813563701763" type="AnswersButtons">
                                                            <param id="0" name="Instance variable">number</param>
                                                            <param id="1" name="Comparison">0</param>
                                                            <param id="2" name="Value">loopindex</param>
                                                        </condition>
                                                    </conditions>
                                                    <actions>
                                                        <action id="-1" name="Set X" sid="5377307235507878" type="AnswersButtons">
                                                            <param id="0" name="X">actorsFrame_bg.X - actorsFrame_bg.Width/2*(loopindex%2)</param>
                                                        </action>
                                                        <action id="-2" name="Set Y" sid="4526768141342025" type="AnswersButtons">
                                                            <param id="0" name="Y">actorsFrame_bg.Y+actorsFrame_bg.Height/2 + AnswersButtons.Height*(floor(loopindex/3)+0.5)+30+floor(loopindex/3)*30</param>
                                                        </action>
                                                        <action id="-7" name="Set size" sid="869192751217757" type="answerFrame">
                                                            <param id="0" name="Width">actorsFrame_bg.Width*0.5 - AnswersButtons.Width-6</param>
                                                            <param id="1" name="Height">Self.Height*0.9</param>
                                                        </action>
                                                        <action id="-1" name="Set X" sid="6105235321431319" type="answerFrame">
                                                            <param id="0" name="X">AnswersButtons.X + AnswersButtons.Width</param>
                                                        </action>
                                                        <action id="-2" name="Set Y" sid="663986516021666" type="answerFrame">
                                                            <param id="0" name="Y">AnswersButtons.Y </param>
                                                        </action>
                                                        <action id="-7" name="Set size" sid="7576495209118168" type="GameText">
                                                            <param id="0" name="Width">answerFrame.Width - 3</param>
                                                            <param id="1" name="Height">answerFrame.Height - 20</param>
                                                        </action>
                                                        <action id="-1" name="Set X" sid="1593774087515296" type="GameText">
                                                            <param id="0" name="X">answerFrame.X+3</param>
                                                        </action>
                                                        <action id="-2" name="Set Y" sid="6599911122497199" type="GameText">
                                                            <param id="0" name="Y">answerFrame.Y</param>
                                                        </action>
                                                        <action id="-7" name="Set size" sid="9081570292454224" type="answer_spot">
                                                            <param id="0" name="Width">AnswersButtons.Width+answerFrame.Width</param>
                                                            <param id="1" name="Height">answerFrame.Height</param>
                                                        </action>
                                                        <action id="-1" name="Set X" sid="3820528826958265" type="answer_spot">
                                                            <param id="0" name="X">AnswersButtons.X</param>
                                                        </action>
                                                        <action id="-2" name="Set Y" sid="7503114109345681" type="answer_spot">
                                                            <param id="0" name="Y">AnswersButtons.Y</param>
                                                        </action>
                                                    </actions>
                                                </event-block>
                                            </sub-events>
                                        </event-block>
                                        <event-block sid="3621165652665964">
                                            <conditions />
                                            <actions>
                                                <action id="9" name="Set scale" sid="9687915498747284" type="btn_Next">
                                                    <param id="0" name="Scale">0.8</param>
                                                </action>
                                                <action id="9" name="Set scale" sid="5993552503977523" type="Next_element">
                                                    <param id="0" name="Scale">0.8</param>
                                                </action>
                                                <action id="-2" name="Set Y" sid="9671312846947589" type="btn_Next">
                                                    <param id="0" name="Y">ViewportBottom(0) - btn_Next.Height/2 - 10</param>
                                                </action>
                                                <action id="-2" name="Set Y" sid="7362949936693546" type="Next_element">
                                                    <param id="0" name="Y">btn_Next.Y - Next_element.Height/2</param>
                                                </action>
                                                <action id="-1" name="Set X" sid="6063114806624078" type="btn_Next">
                                                    <param id="0" name="X">actorsFrame_bg.X+actorsFrame_bg.Width/2 - btn_Next.Width/2</param>
                                                </action>
                                                <action id="-1" name="Set X" sid="7301523648899758" type="Next_element">
                                                    <param id="0" name="X">btn_Next.X - btn_Next.Width/2</param>
                                                </action>
                                            </actions>
                                        </event-block>
                                    </sub-events>
                                </event-block>
                                <comment>Для сцены LevelComplete</comment>
                                <event-block sid="6869915525702475">
                                    <conditions>
                                        <condition id="-8" name="Compare two values" sid="6335443162183109" type="System">
                                            <param id="0" name="First value">LayoutName</param>
                                            <param id="1" name="Comparison">0</param>
                                            <param id="2" name="Second value">&quot;LevelComplete&quot;</param>
                                        </condition>
                                    </conditions>
                                    <actions>
                                        <action id="9" name="Set scale" sid="3301464789132869" type="btn_Next">
                                            <param id="0" name="Scale">0.8</param>
                                        </action>
                                        <action id="9" name="Set scale" sid="2555216153262669" type="Next_element">
                                            <param id="0" name="Scale">0.8</param>
                                        </action>
                                        <action id="-2" name="Set Y" sid="1958339045405211" type="btn_Next">
                                            <param id="0" name="Y">ViewportBottom(0) - btn_Next.Height/2 - 10</param>
                                        </action>
                                        <action id="-2" name="Set Y" sid="8719153398674922" type="Next_element">
                                            <param id="0" name="Y">btn_Next.Y - Next_element.Height/2</param>
                                        </action>
                                    </actions>
                                </event-block>
                                <comment>Для сцены Rules</comment>
                                <event-block sid="7124833617378753">
                                    <conditions>
                                        <condition id="-8" name="Compare two values" sid="9010120898527735" type="System">
                                            <param id="0" name="First value">LayoutName</param>
                                            <param id="1" name="Comparison">0</param>
                                            <param id="2" name="Second value">&quot;Rules&quot;</param>
                                        </condition>
                                    </conditions>
                                    <actions>
                                        <action id="-2" name="Set Y" sid="4937172988835644" type="Controls">
                                            <param id="0" name="Y">ViewportTop(0)+80</param>
                                        </action>
                                        <action id="9" name="Set scale" sid="65084292106399" type="rulesText">
                                            <param id="0" name="Scale">0.83</param>
                                        </action>
                                        <action id="-2" name="Set Y" sid="8980454129849973" type="rulesText">
                                            <param id="0" name="Y">Controls.Y+80</param>
                                        </action>
                                    </actions>
                                </event-block>
                            </sub-events>
                        </event-block>
                        <comment>iPhone 4,</comment>
                        <event-block sid="2026928308420123">
                            <conditions>
                                <condition id="-8" name="Compare two values" sid="6729550453993065" type="System">
                                    <param id="0" name="First value">WindowWidth/WindowHeight</param>
                                    <param id="1" name="Comparison">4</param>
                                    <param id="2" name="Second value">0.64</param>
                                </condition>
                                <condition id="-8" name="Compare two values" sid="1440143855093283" type="System">
                                    <param id="0" name="First value">WindowWidth/WindowHeight</param>
                                    <param id="1" name="Comparison">2</param>
                                    <param id="2" name="Second value">0.7</param>
                                </condition>
                            </conditions>
                            <actions />
                            <sub-events>
                                <comment>Для сцены StartLayout</comment>
                                <event-block sid="8473126431908063">
                                    <conditions>
                                        <condition id="-8" name="Compare two values" sid="4242865674287281" type="System">
                                            <param id="0" name="First value">LayoutName</param>
                                            <param id="1" name="Comparison">0</param>
                                            <param id="2" name="Second value">&quot;StartLayout&quot;</param>
                                        </condition>
                                    </conditions>
                                    <actions>
                                        <action id="9" name="Set scale" sid="1258832758963204" type="btn_Play">
                                            <param id="0" name="Scale">0.9</param>
                                        </action>
                                        <action id="-2" name="Set Y" sid="8842272305381455" type="btn_Play">
                                            <param id="0" name="Y">btn_Play.Y - 10</param>
                                        </action>
                                        <action id="9" name="Set scale" sid="849908187074536" type="btn_Lang">
                                            <param id="0" name="Scale">0.9</param>
                                        </action>
                                        <action id="-2" name="Set Y" sid="1866587674999775" type="btn_Lang">
                                            <param id="0" name="Y">btn_Lang.Y - 15</param>
                                        </action>
                                        <action id="9" name="Set scale" sid="3700420599745439" type="btn_Winners">
                                            <param id="0" name="Scale">0.9</param>
                                        </action>
                                        <action id="-2" name="Set Y" sid="4899804622412035" type="btn_Winners">
                                            <param id="0" name="Y">btn_Winners.Y - 20</param>
                                        </action>
                                    </actions>
                                </event-block>
                                <comment>Для сцены Levels</comment>
                                <event-block sid="350158316585194">
                                    <conditions>
                                        <condition id="-8" name="Compare two values" sid="4933987646220406" type="System">
                                            <param id="0" name="First value">LayoutName</param>
                                            <param id="1" name="Comparison">0</param>
                                            <param id="2" name="Second value">&quot;Levels&quot;</param>
                                        </condition>
                                    </conditions>
                                    <actions>
                                        <action id="-2" name="Set Y" sid="4154530559547975" type="Controls">
                                            <param id="0" name="Y">ViewportTop(0)+75</param>
                                        </action>
                                        <action id="-1" name="Set X" sid="1412170530311685" type="btn_Home">
                                            <param id="0" name="X">ViewportLeft(0)+130</param>
                                        </action>
                                        <action id="9" name="Set scale" sid="2617528000051013" type="levelIcon">
                                            <param id="0" name="Scale">0.9</param>
                                        </action>
                                        <action id="-9" name="Set value" sid="689060867697307" type="System">
                                            <param id="0" name="Variable">levelIconScale</param>
                                            <param id="1" name="Value">1</param>
                                        </action>
                                    </actions>
                                    <sub-events>
                                        <event-block sid="1823535504611158">
                                            <conditions>
                                                <condition id="-7" name="Compare instance variable" sid="5319074209332538" type="level_Frame">
                                                    <param id="0" name="Instance variable">leveFrameNum</param>
                                                    <param id="1" name="Comparison">0</param>
                                                    <param id="2" name="Value">1</param>
                                                </condition>
                                            </conditions>
                                            <actions>
                                                <action id="-2" name="Set Y" sid="3672665479081582" type="level_Frame">
                                                    <param id="0" name="Y">level_Frame.Y+30</param>
                                                </action>
                                                <action id="-2" name="Set Y" sid="5786447748484333" type="noviceText">
                                                    <param id="0" name="Y">level_Frame.Y</param>
                                                </action>
                                            </actions>
                                        </event-block>
                                        <event-block sid="9622135916063878">
                                            <conditions>
                                                <condition id="-7" name="Compare instance variable" sid="1619780661991198" type="level_Frame">
                                                    <param id="0" name="Instance variable">leveFrameNum</param>
                                                    <param id="1" name="Comparison">0</param>
                                                    <param id="2" name="Value">2</param>
                                                </condition>
                                            </conditions>
                                            <actions>
                                                <action id="-2" name="Set Y" sid="302217038817442" type="level_Frame">
                                                    <param id="0" name="Y">level_Frame.Y+20</param>
                                                </action>
                                                <action id="-2" name="Set Y" sid="1547884114449616" type="expertText">
                                                    <param id="0" name="Y">level_Frame.Y</param>
                                                </action>
                                            </actions>
                                        </event-block>
                                        <event-block sid="9496722267446018">
                                            <conditions>
                                                <condition id="-7" name="Compare instance variable" sid="4008009411739629" type="level_Frame">
                                                    <param id="0" name="Instance variable">leveFrameNum</param>
                                                    <param id="1" name="Comparison">0</param>
                                                    <param id="2" name="Value">3</param>
                                                </condition>
                                            </conditions>
                                            <actions>
                                                <action id="-2" name="Set Y" sid="8082786862847946" type="level_Frame">
                                                    <param id="0" name="Y">level_Frame.Y+10</param>
                                                </action>
                                                <action id="-2" name="Set Y" sid="6611376652953126" type="kinomaniakText">
                                                    <param id="0" name="Y">level_Frame.Y-5</param>
                                                </action>
                                            </actions>
                                        </event-block>
                                    </sub-events>
                                </event-block>
                                <comment>Для сцены Game</comment>
                                <event-block sid="3968406181238048">
                                    <conditions>
                                        <condition id="-8" name="Compare two values" sid="82523609534725" type="System">
                                            <param id="0" name="First value">LayoutName</param>
                                            <param id="1" name="Comparison">0</param>
                                            <param id="2" name="Second value">&quot;Game&quot;</param>
                                        </condition>
                                    </conditions>
                                    <actions>
                                        <action id="-2" name="Set Y" sid="3322515259215113" type="Controls">
                                            <param id="0" name="Y">ViewportTop(0)+60</param>
                                        </action>
                                        <action id="-2" name="Set Y" sid="3171409522451123" type="button_bg">
                                            <param id="0" name="Y">ViewportTop(0)+60</param>
                                        </action>
                                        <action id="-2" name="Set Y" sid="6072331220053759" type="clock">
                                            <param id="0" name="Y">ViewportTop(0)+60</param>
                                        </action>
                                        <action id="-1" name="Set X" sid="1727233576655357" type="button_bg">
                                            <param id="0" name="X">button_bg.X+30</param>
                                        </action>
                                        <action id="-1" name="Set X" sid="809111247166467" type="clock">
                                            <param id="0" name="X">clock.X-30</param>
                                        </action>
                                        <action id="-2" name="Set Y" sid="4151183764529402" type="actors_frame">
                                            <param id="0" name="Y">Controls.Y+110</param>
                                        </action>
                                        <action id="9" name="Set scale" sid="4062138775813673" type="actors_frame">
                                            <param id="0" name="Scale">0.9</param>
                                        </action>
                                        <action id="9" name="Set scale" sid="9439498761434172" type="actorsFrame_bg">
                                            <param id="0" name="Scale">0.9</param>
                                        </action>
                                        <action id="-2" name="Set Y" sid="5455209872771981" type="actorsFrame_bg">
                                            <param id="0" name="Y">actors_frame.Y+actors_frame.Height/2+actorsFrame_bg.Height/2+10</param>
                                        </action>
                                        <action id="-1" name="Set X" sid="6916850796241932" type="actorsFrame_bg">
                                            <param id="0" name="X">actors_frame.X</param>
                                        </action>
                                        <action id="9" name="Set scale" sid="4178725795590389" type="actorsFrame">
                                            <param id="0" name="Scale">0.9</param>
                                        </action>
                                        <action id="-1" name="Set X" sid="5928618804876819" type="actorsFrame">
                                            <param id="0" name="X">actorsFrame_bg.X</param>
                                        </action>
                                        <action id="-2" name="Set Y" sid="1926892380970094" type="actorsFrame">
                                            <param id="0" name="Y">actorsFrame_bg.Y</param>
                                        </action>
                                    </actions>
                                    <sub-events>
                                        <event-block sid="5767059482120662">
                                            <conditions>
                                                <condition id="-7" name="Compare instance variable" sid="8332058871085209" type="GameText">
                                                    <param id="0" name="Instance variable">type</param>
                                                    <param id="1" name="Comparison">0</param>
                                                    <param id="2" name="Value">&quot;actor01&quot;</param>
                                                </condition>
                                            </conditions>
                                            <actions>
                                                <action id="2" name="Set scale" sid="6707033879710103" type="GameText">
                                                    <param id="0" name="Scale">0.9</param>
                                                </action>
                                            </actions>
                                        </event-block>
                                        <event-block sid="9369822957453672">
                                            <conditions>
                                                <condition id="-7" name="Compare instance variable" sid="9353594532274848" type="GameText">
                                                    <param id="0" name="Instance variable">type</param>
                                                    <param id="1" name="Comparison">0</param>
                                                    <param id="2" name="Value">&quot;actor02&quot;</param>
                                                </condition>
                                            </conditions>
                                            <actions>
                                                <action id="2" name="Set scale" sid="1389111420112241" type="GameText">
                                                    <param id="0" name="Scale">0.9</param>
                                                </action>
                                            </actions>
                                        </event-block>
                                        <event-block sid="5064227354662283">
                                            <conditions>
                                                <condition id="-7" name="Compare instance variable" sid="6644136221251836" type="GameText">
                                                    <param id="0" name="Instance variable">type</param>
                                                    <param id="1" name="Comparison">0</param>
                                                    <param id="2" name="Value">&quot;answer&quot;</param>
                                                </condition>
                                            </conditions>
                                            <actions>
                                                <action id="9" name="Set scale" sid="5607085327322527" type="answer_spot">
                                                    <param id="0" name="Scale">0.9</param>
                                                </action>
                                                <action id="9" name="Set scale" sid="424539066841788" type="AnswersButtons">
                                                    <param id="0" name="Scale">0.9</param>
                                                </action>
                                                <action id="9" name="Set scale" sid="2096470312172004" type="answer_frame">
                                                    <param id="0" name="Scale">0.9</param>
                                                </action>
                                                <action id="-7" name="Set size" sid="9432914917228764" type="answerFrame">
                                                    <param id="0" name="Width">Self.Width*0.9</param>
                                                    <param id="1" name="Height">Self.Height*0.9</param>
                                                </action>
                                            </actions>
                                        </event-block>
                                        <event-block sid="1292886649878082">
                                            <conditions>
                                                <condition id="-10" name="For" sid="473091241208776" type="System">
                                                    <param id="0" name="Name">&quot;counter&quot;</param>
                                                    <param id="1" name="Start index">1</param>
                                                    <param id="2" name="End index">4</param>
                                                </condition>
                                            </conditions>
                                            <actions />
                                            <sub-events>
                                                <event-block sid="1649259804040901">
                                                    <conditions>
                                                        <condition id="-7" name="Compare instance variable" sid="8427049777705079" type="GameText">
                                                            <param id="0" name="Instance variable">number</param>
                                                            <param id="1" name="Comparison">0</param>
                                                            <param id="2" name="Value">loopindex</param>
                                                        </condition>
                                                        <condition id="-7" name="Compare instance variable" sid="5979185327581611" type="answer_spot">
                                                            <param id="0" name="Instance variable">number</param>
                                                            <param id="1" name="Comparison">0</param>
                                                            <param id="2" name="Value">loopindex</param>
                                                        </condition>
                                                        <condition id="-7" name="Compare instance variable" sid="4068449519676698" type="answer_frame">
                                                            <param id="0" name="Instance variable">number</param>
                                                            <param id="1" name="Comparison">0</param>
                                                            <param id="2" name="Value">loopindex</param>
                                                        </condition>
                                                        <condition id="-7" name="Compare instance variable" sid="8535358426811296" type="answerFrame">
                                                            <param id="0" name="Instance variable">number</param>
                                                            <param id="1" name="Comparison">0</param>
                                                            <param id="2" name="Value">loopindex</param>
                                                        </condition>
                                                        <condition id="-7" name="Compare instance variable" sid="3289577453437712" type="AnswersButtons">
                                                            <param id="0" name="Instance variable">number</param>
                                                            <param id="1" name="Comparison">0</param>
                                                            <param id="2" name="Value">loopindex</param>
                                                        </condition>
                                                    </conditions>
                                                    <actions>
                                                        <action id="-1" name="Set X" sid="8009855279898064" type="AnswersButtons">
                                                            <param id="0" name="X">actorsFrame_bg.X - ( AnswersButtons.Width+answerFrame.Width)/2</param>
                                                        </action>
                                                        <action id="-2" name="Set Y" sid="718679368405419" type="AnswersButtons">
                                                            <param id="0" name="Y">AnswersButtons.Y-loopindex*4</param>
                                                        </action>
                                                        <action id="-1" name="Set X" sid="5854810717682893" type="answerFrame">
                                                            <param id="0" name="X">AnswersButtons.X + AnswersButtons.Width</param>
                                                        </action>
                                                        <action id="-2" name="Set Y" sid="678798622183069" type="answerFrame">
                                                            <param id="0" name="Y">AnswersButtons.Y </param>
                                                        </action>
                                                        <action id="-5" name="Set width" sid="9897154668848831" type="GameText">
                                                            <param id="0" name="Width">answerFrame.Width</param>
                                                        </action>
                                                        <action id="2" name="Set scale" sid="8704631681346592" type="GameText">
                                                            <param id="0" name="Scale">0.8</param>
                                                        </action>
                                                        <action id="-1" name="Set X" sid="5493769656874271" type="GameText">
                                                            <param id="0" name="X">answerFrame.X+5</param>
                                                        </action>
                                                        <action id="-2" name="Set Y" sid="3206754097816756" type="GameText">
                                                            <param id="0" name="Y">answerFrame.Y</param>
                                                        </action>
                                                        <action id="-5" name="Set width" sid="6286832057882384" type="answer_spot">
                                                            <param id="0" name="Width">AnswersButtons.Width+answerFrame.Width</param>
                                                        </action>
                                                        <action id="-1" name="Set X" sid="2397440177690422" type="answer_spot">
                                                            <param id="0" name="X">AnswersButtons.X</param>
                                                        </action>
                                                        <action id="-2" name="Set Y" sid="3741274204925368" type="answer_spot">
                                                            <param id="0" name="Y">AnswersButtons.Y</param>
                                                        </action>
                                                    </actions>
                                                </event-block>
                                            </sub-events>
                                        </event-block>
                                        <event-block sid="7420455733346266">
                                            <conditions />
                                            <actions>
                                                <action id="9" name="Set scale" sid="3666107370829545" type="btn_Next">
                                                    <param id="0" name="Scale">0.8</param>
                                                </action>
                                                <action id="9" name="Set scale" sid="2553326728349283" type="Next_element">
                                                    <param id="0" name="Scale">0.8</param>
                                                </action>
                                                <action id="-2" name="Set Y" sid="6245187344304833" type="btn_Next">
                                                    <param id="0" name="Y">btn_Next.Y-30</param>
                                                </action>
                                                <action id="-2" name="Set Y" sid="4832506430547457" type="Next_element">
                                                    <param id="0" name="Y">Next_element.Y-30</param>
                                                </action>
                                                <action id="-1" name="Set X" sid="6467875618910229" type="btn_Next">
                                                    <param id="0" name="X">btn_Next.X+10</param>
                                                </action>
                                                <action id="-1" name="Set X" sid="1000815242079158" type="Next_element">
                                                    <param id="0" name="X">Next_element.X+10</param>
                                                </action>
                                            </actions>
                                        </event-block>
                                    </sub-events>
                                </event-block>
                                <comment>Для сцены Rules</comment>
                                <event-block sid="3304768067291586">
                                    <conditions>
                                        <condition id="-8" name="Compare two values" sid="2407228133030765" type="System">
                                            <param id="0" name="First value">LayoutName</param>
                                            <param id="1" name="Comparison">0</param>
                                            <param id="2" name="Second value">&quot;Rules&quot;</param>
                                        </condition>
                                    </conditions>
                                    <actions>
                                        <action id="-2" name="Set Y" sid="5282353544185321" type="Controls">
                                            <param id="0" name="Y">ViewportTop(0)+80</param>
                                        </action>
                                        <action id="9" name="Set scale" sid="3599544869342286" type="rulesText">
                                            <param id="0" name="Scale">0.9</param>
                                        </action>
                                        <action id="-2" name="Set Y" sid="6891663006907039" type="rulesText">
                                            <param id="0" name="Y">Controls.Y+90</param>
                                        </action>
                                    </actions>
                                </event-block>
                            </sub-events>
                        </event-block>
                    </sub-events>
                </event-block>
            </sub-events>
        </event-group>
    </events>
</c2eventsheet>
