﻿<?xml version="1.0" encoding="utf-8" ?>
<c2eventsheet>
    <!--All the 'name' attributes are ignored by Construct 2 - they are there for readability only.-->
    <name>Game Events</name>
    <events>
        <include>Debug</include>
        <include>Functions</include>
        <event-block sid="7913727810874674">
            <conditions>
                <condition id="-2" name="On start of layout" sid="7370839716939227" type="System" />
            </conditions>
            <actions>
                <action id="0" name="Call function" sid="8992595041041736" type="Function">
                    <param id="0" name="Name">&quot;setInterfaceForStart&quot;</param>
                    <param id="1" name="Parameter {n}"></param>
                </action>
                <action id="-9" name="Set value" sid="6836389535223411" type="System">
                    <param id="0" name="Variable">startgametime</param>
                    <param id="1" name="Value">wallclocktime</param>
                </action>
                <action id="-9" name="Set value" sid="3429243974744981" type="System">
                    <param id="0" name="Variable">timer</param>
                    <param id="1" name="Value">0</param>
                </action>
                <action id="-9" name="Set value" sid="6938835961232931" type="System">
                    <param id="0" name="Variable">currentQuestion</param>
                    <param id="1" name="Value">0</param>
                </action>
                <action id="-9" name="Set value" sid="5513491432050351" type="System">
                    <param id="0" name="Variable">correctAnswers</param>
                    <param id="1" name="Value">0</param>
                </action>
                <action id="0" name="Call function" sid="7552918722949964" type="Function">
                    <param id="0" name="Name">&quot;fitQuestion&quot;</param>
                    <param id="1" name="Parameter {n}"></param>
                </action>
                <action id="0" name="Call function" sid="881789610695387" type="Function">
                    <param id="0" name="Name">&quot;resetToDefault&quot;</param>
                    <param id="1" name="Parameter {n}"></param>
                </action>
                <action id="0" name="Call function" sid="5572796375186521" type="Function">
                    <param id="0" name="Name">&quot;setQuestCounter&quot;</param>
                    <param id="1" name="Parameter {n}"></param>
                </action>
                <action id="0" name="Call function" sid="8298607457072548" type="Function">
                    <param id="0" name="Name">&quot;TranslateTitles&quot;</param>
                    <param id="1" name="Parameter {n}"></param>
                </action>
                <action id="-9" name="Destroy" sid="8070733766326438" type="grayTrasparentBg" />
                <action id="-9" name="Destroy" sid="5397914390755225" type="exitWindow" />
                <action id="-9" name="Destroy" sid="5243448389567788" type="btn_OK_white" />
                <action id="-9" name="Destroy" sid="8444835896795899" type="btn_Cancel_white" />
                <action id="-1" name="Set X" sid="8670083862148623" type="timerText">
                    <param id="0" name="X">clock.X</param>
                </action>
                <action id="-2" name="Set Y" sid="7298676777271406" type="timerText">
                    <param id="0" name="Y">clock.Y</param>
                </action>
                <action id="-1" name="Set X" sid="1971589060406594" type="questionCounterText">
                    <param id="0" name="X">button_bg.X</param>
                </action>
                <action id="-2" name="Set Y" sid="4787531937598741" type="questionCounterText">
                    <param id="0" name="Y">button_bg.Y</param>
                </action>
            </actions>
            <sub-events>
                <event-block sid="8387879644566736">
                    <conditions>
                        <condition id="-7" name="Compare instance variable" sid="833941119572031" type="GameText">
                            <param id="0" name="Instance variable">type</param>
                            <param id="1" name="Comparison">0</param>
                            <param id="2" name="Value">&quot;actor01&quot;</param>
                        </condition>
                    </conditions>
                    <actions>
                        <action id="-2" name="Set Y" sid="420739338449973" type="GameText">
                            <param id="0" name="Y">actors_frame.Y</param>
                        </action>
                        <action id="-1" name="Set X" sid="9099457524171714" type="GameText">
                            <param id="0" name="X">actors_frame.X - actors_frame.Width/2</param>
                        </action>
                    </actions>
                </event-block>
                <event-block sid="9898358564552838">
                    <conditions>
                        <condition id="-7" name="Compare instance variable" sid="9908582082449701" type="GameText">
                            <param id="0" name="Instance variable">type</param>
                            <param id="1" name="Comparison">0</param>
                            <param id="2" name="Value">&quot;actor02&quot;</param>
                        </condition>
                    </conditions>
                    <actions>
                        <action id="-2" name="Set Y" sid="477618852157365" type="GameText">
                            <param id="0" name="Y">actors_frame.Y</param>
                        </action>
                        <action id="-1" name="Set X" sid="3906026997002648" type="GameText">
                            <param id="0" name="X">actors_frame.X + actors_frame.Width/2</param>
                        </action>
                    </actions>
                </event-block>
            </sub-events>
        </event-block>
        <comment>Обновляем счетчик</comment>
        <event-block sid="6328818153307929">
            <conditions>
                <condition id="-6" name="Every X seconds" sid="5327840192022343" type="System">
                    <param id="0" name="Interval (seconds)">1.0</param>
                </condition>
            </conditions>
            <actions>
                <action id="-9" name="Set value" sid="1838101672669273" type="System">
                    <param id="0" name="Variable">timer</param>
                    <param id="1" name="Value">wallclocktime - startgametime</param>
                </action>
            </actions>
            <sub-events>
                <event-block sid="1253032654496243">
                    <conditions>
                        <condition id="-8" name="Compare two values" sid="5508113511950939" type="System">
                            <param id="0" name="First value">int(timer)</param>
                            <param id="1" name="Comparison">5</param>
                            <param id="2" name="Second value">LEVELPERIOD</param>
                        </condition>
                    </conditions>
                    <actions>
                        <action id="-2" name="Go to layout" sid="4478301892113195" type="System">
                            <param id="0" name="Layout">LevelComplete</param>
                        </action>
                    </actions>
                </event-block>
                <event-block sid="2026163119981415">
                    <conditions>
                        <condition id="-22" name="Else" sid="9336021835217979" type="System" />
                    </conditions>
                    <actions>
                        <action id="0" name="Set text" sid="1742272064978967" type="timerText">
                            <param id="0" name="Text">int(LEVELPERIOD - timer)</param>
                        </action>
                    </actions>
                </event-block>
            </sub-events>
        </event-block>
        <comment>Настраиваем bitmap-шрифт</comment>
        <event-block sid="5988482437085751">
            <conditions>
                <condition id="-18" name="On created" sid="1954258149676407" type="GameText" />
            </conditions>
            <actions>
                <action id="11" name="Load" sid="3287368976517004" type="CharacterKernArialNU">
                    <param id="0" name="JSON">&quot;{&quot;&quot;c2array&quot;&quot;:true,&quot;&quot;size&quot;&quot;:[2,22,1],&quot;&quot;data&quot;&quot;:[[[5],[6],[8],[9],[10],[11],[12],[14],[15],[16],[17],[18],[19],[20],[21],[22],[23],[24],[25],[26],[27],[28]],[[&quot;&quot;|&quot;&quot;],[&quot;&quot;Iil.,;:!&apos;&quot;&quot;],[&quot;&quot;()]`&quot;&quot;],[&quot;&quot;j[\\/&quot;&quot;],[&quot;&quot;t1-&quot;&quot;],[&quot;&quot;fr*г&quot;&quot;],[&quot;&quot;\&quot;&quot;°&quot;&quot;],[&quot;&quot;FJaceéz035678$«»аёзкстч&quot;&quot;],[&quot;&quot;Lbdghknqsu249?+=&lt;&gt;ГКвейнпьэ&quot;&quot;],[&quot;&quot;EÉHNPopvxy~#£€–ЕЁИЙРбиорухця&quot;&quot;],[&quot;&quot;BSTUZ_БВЗНПТЧЬл&quot;&quot;],[&quot;&quot;CDKRЛСУЦЭЯдм&quot;&quot;],[&quot;&quot;GVXY&amp;ДХ&quot;&quot;],[&quot;&quot;AOАОжъ&quot;&quot;],[&quot;&quot;MQМшы&quot;&quot;],[&quot;&quot;mwФфщю&quot;&quot;],[&quot;&quot;%Ъ&quot;&quot;],[&quot;&quot;ШЫ&quot;&quot;],[&quot;&quot;ЖЮ&quot;&quot;],[&quot;&quot;WЩ&quot;&quot;],[&quot;&quot;@&quot;&quot;],[&quot;&quot;—&quot;&quot;]]]}&quot;</param>
                </action>
                <action id="5" name="Set character width" sid="5374321537923205" type="GameText">
                    <param id="0" name="Character">&quot; &quot;</param>
                    <param id="1" name="Width">8</param>
                </action>
            </actions>
            <sub-events>
                <event-block sid="2498131914739788">
                    <conditions>
                        <condition id="-10" name="For" sid="9352555317033373" type="System">
                            <param id="0" name="Name">&quot;&quot;</param>
                            <param id="1" name="Start index">0</param>
                            <param id="2" name="End index">CharacterKernArialNU.Height</param>
                        </condition>
                    </conditions>
                    <actions>
                        <action id="5" name="Set character width" sid="1440700330841909" type="GameText">
                            <param id="0" name="Character">CharacterKernArialNU.At(1,loopindex)</param>
                            <param id="1" name="Width">CharacterKernArialNU.At(0,loopindex)</param>
                        </action>
                    </actions>
                </event-block>
            </sub-events>
        </event-block>
        <comment>Управление</comment>
        <event-block sid="5620089141249584">
            <conditions>
                <condition id="3" name="On touched object" sid="9129102695522524" type="Touch">
                    <param id="0" name="Object">btn_Next</param>
                </condition>
            </conditions>
            <actions />
            <sub-events>
                <comment>Проверяем по массиву, правильный ли ответ дал пользователь, если да, то добавляем 1 к &quot;правильным ответам&quot;</comment>
                <event-block sid="6022281126759647">
                    <conditions>
                        <condition id="-8" name="Compare two values" sid="81783256013401" type="System">
                            <param id="0" name="First value">levelsData.At(currentLevel, currentQuestion,13)</param>
                            <param id="1" name="Comparison">0</param>
                            <param id="2" name="Second value">selectedAnswer</param>
                        </condition>
                    </conditions>
                    <actions>
                        <action id="-10" name="Add to" sid="9791772893591318" type="System">
                            <param id="0" name="Variable">correctAnswers</param>
                            <param id="1" name="Value">1</param>
                        </action>
                    </actions>
                </event-block>
                <event-block sid="5057395000343239">
                    <conditions>
                        <condition id="-8" name="Compare two values" sid="7877618204270575" type="System">
                            <param id="0" name="First value">selectedAnswer</param>
                            <param id="1" name="Comparison">1</param>
                            <param id="2" name="Second value">0</param>
                        </condition>
                    </conditions>
                    <actions>
                        <action id="-10" name="Add to" sid="7598976306987596" type="System">
                            <param id="0" name="Variable">currentQuestion</param>
                            <param id="1" name="Value">1</param>
                        </action>
                        <action id="0" name="Play" sid="3712130865779838" type="Audio">
                            <param id="0" name="Audio file">radiy__click</param>
                            <param id="2" name="Loop">0</param>
                            <param id="3" name="Volume">0</param>
                            <param id="1" name="Tag (optional)">&quot;&quot;</param>
                        </action>
                    </actions>
                    <sub-events>
                        <event-block sid="8127498924972774">
                            <conditions>
                                <condition id="-8" name="Compare two values" sid="7516876738329386" type="System">
                                    <param id="0" name="First value">currentQuestion</param>
                                    <param id="1" name="Comparison">5</param>
                                    <param id="2" name="Second value">QUESTIONSQWANTITY</param>
                                </condition>
                            </conditions>
                            <actions>
                                <action id="-2" name="Go to layout" sid="7452730307186897" type="System">
                                    <param id="0" name="Layout">LevelComplete</param>
                                </action>
                            </actions>
                        </event-block>
                        <event-block sid="2397832184052726">
                            <conditions>
                                <condition id="-22" name="Else" sid="4151615556265493" type="System" />
                            </conditions>
                            <actions>
                                <action id="0" name="Call function" sid="1955100868331551" type="Function">
                                    <param id="0" name="Name">&quot;resetToDefault&quot;</param>
                                    <param id="1" name="Parameter {n}"></param>
                                </action>
                                <action id="0" name="Call function" sid="7821418442540874" type="Function">
                                    <param id="0" name="Name">&quot;fitQuestion&quot;</param>
                                    <param id="1" name="Parameter {n}"></param>
                                </action>
                                <action id="0" name="Call function" sid="960512411559835" type="Function">
                                    <param id="0" name="Name">&quot;setQuestCounter&quot;</param>
                                    <param id="1" name="Parameter {n}"></param>
                                </action>
                            </actions>
                        </event-block>
                    </sub-events>
                </event-block>
            </sub-events>
        </event-block>
        <event-block sid="2641266310710524">
            <conditions>
                <condition id="3" name="On touched object" sid="8634135649643906" type="Touch">
                    <param id="0" name="Object">answer_spot</param>
                </condition>
                <condition id="-33" name="Pick by comparison" sid="8094785671190316" type="System">
                    <param id="0" name="Object">answer_spot</param>
                    <param id="1" name="Expression">answer_spot.number</param>
                    <param id="2" name="Comparison">0</param>
                    <param id="3" name="Value">answer_spot.number</param>
                </condition>
            </conditions>
            <actions>
                <action id="0" name="Play" sid="3145343693285165" type="Audio">
                    <param id="0" name="Audio file">radiy__click</param>
                    <param id="2" name="Loop">0</param>
                    <param id="3" name="Volume">0</param>
                    <param id="1" name="Tag (optional)">&quot;&quot;</param>
                </action>
                <action id="-9" name="Set value" sid="4321247943261638" type="System">
                    <param id="0" name="Variable">selectedAnswer</param>
                    <param id="1" name="Value">answer_spot.number</param>
                </action>
                <action id="0" name="Call function" sid="989210706502431" type="Function">
                    <param id="0" name="Name">&quot;selectAnswer&quot;</param>
                    <param id="1" name="Parameter {n}">answer_spot.number</param>
                </action>
            </actions>
        </event-block>
        <event-block sid="7040347296530025">
            <conditions>
                <condition id="3" name="On touched object" sid="7289171239343886" type="Touch">
                    <param id="0" name="Object">btn_GameExit</param>
                </condition>
            </conditions>
            <actions>
                <action id="0" name="Play" sid="4224934607742469" type="Audio">
                    <param id="0" name="Audio file">radiy__click</param>
                    <param id="2" name="Loop">0</param>
                    <param id="3" name="Volume">0</param>
                    <param id="1" name="Tag (optional)">&quot;&quot;</param>
                </action>
                <action id="0" name="Call function" sid="6803597241728051" type="Function">
                    <param id="0" name="Name">&quot;ShowExitWindow&quot;</param>
                    <param id="1" name="Parameter {n}"></param>
                </action>
            </actions>
        </event-block>
        <event-block sid="7439937928748357">
            <conditions>
                <condition id="3" name="On touched object" sid="5083926454424186" type="Touch">
                    <param id="0" name="Object">btn_OK_white</param>
                </condition>
            </conditions>
            <actions>
                <action id="-2" name="Go to layout" sid="820364073636263" type="System">
                    <param id="0" name="Layout">Levels</param>
                </action>
                <action id="0" name="Play" sid="8848704460268483" type="Audio">
                    <param id="0" name="Audio file">radiy__click</param>
                    <param id="2" name="Loop">0</param>
                    <param id="3" name="Volume">0</param>
                    <param id="1" name="Tag (optional)">&quot;&quot;</param>
                </action>
            </actions>
        </event-block>
        <event-block sid="728288843082165">
            <conditions>
                <condition id="3" name="On touched object" sid="2411632569709903" type="Touch">
                    <param id="0" name="Object">btn_Cancel_white</param>
                </condition>
            </conditions>
            <actions>
                <action id="-9" name="Destroy" sid="7592975576077489" type="grayTrasparentBg" />
                <action id="-9" name="Destroy" sid="9735046335976853" type="exitWindow" />
                <action id="0" name="Play" sid="6795771834207882" type="Audio">
                    <param id="0" name="Audio file">radiy__click</param>
                    <param id="2" name="Loop">0</param>
                    <param id="3" name="Volume">0</param>
                    <param id="1" name="Tag (optional)">&quot;&quot;</param>
                </action>
            </actions>
        </event-block>
        <comment>Установка вопроса - Текст двух актеров, четыре ответа, загрузка имиджа</comment>
        <event-block sid="6810140562346153">
            <conditions>
                <condition id="0" name="On function" sid="2249177773110539" type="Function">
                    <param id="0" name="Name">&quot;fitQuestion&quot;</param>
                </condition>
            </conditions>
            <actions />
            <sub-events>
                <variable constant="0" name="image" sid="9157496652440272" static="0" type="number">0</variable>
                <variable constant="0" name="actor01" sid="8133001383914029" static="0" type="number">1</variable>
                <variable constant="0" name="actor02" sid="8316548845322169" static="0" type="number">3</variable>
                <variable constant="0" name="answer01" sid="6940802639490845" static="0" type="number">5</variable>
                <variable constant="0" name="answer02" sid="5098909856008705" static="0" type="number">7</variable>
                <variable constant="0" name="answer03" sid="6362891740980465" static="0" type="number">9</variable>
                <variable constant="0" name="answer04" sid="7076185773541291" static="0" type="number">11</variable>
                <comment>Значения для &quot;RU&quot; являются значениями по умолчанию</comment>
                <event-block sid="5658454875364862">
                    <conditions>
                        <condition id="-8" name="Compare two values" sid="5294634799215002" type="System">
                            <param id="0" name="First value">Language</param>
                            <param id="1" name="Comparison">0</param>
                            <param id="2" name="Second value">&quot;EN&quot;</param>
                        </condition>
                    </conditions>
                    <actions>
                        <action id="-9" name="Set value" sid="1795893511888689" type="System">
                            <param id="0" name="Variable">actor01</param>
                            <param id="1" name="Value">2</param>
                        </action>
                        <action id="-9" name="Set value" sid="1171077389918974" type="System">
                            <param id="0" name="Variable">actor02</param>
                            <param id="1" name="Value">4</param>
                        </action>
                        <action id="-9" name="Set value" sid="614318068451753" type="System">
                            <param id="0" name="Variable">answer01</param>
                            <param id="1" name="Value">6</param>
                        </action>
                        <action id="-9" name="Set value" sid="7914561758253642" type="System">
                            <param id="0" name="Variable">answer02</param>
                            <param id="1" name="Value">8</param>
                        </action>
                        <action id="-9" name="Set value" sid="359875101656492" type="System">
                            <param id="0" name="Variable">answer03</param>
                            <param id="1" name="Value">10</param>
                        </action>
                        <action id="-9" name="Set value" sid="6235670000376444" type="System">
                            <param id="0" name="Variable">answer04</param>
                            <param id="1" name="Value">12</param>
                        </action>
                    </actions>
                </event-block>
                <event-block sid="2326035480966977">
                    <conditions />
                    <actions>
                        <action id="10" name="Load image from URL" sid="1552944346986981" type="actorsFrame">
                            <param id="0" name="URI">levelsData.At(currentLevel, currentQuestion, image)</param>
                            <param id="1" name="Size">0</param>
                        </action>
                    </actions>
                </event-block>
                <comment>Расстановка имен актеров и названий фильмов из массива</comment>
                <event-block sid="5632935295741259">
                    <conditions>
                        <condition id="-7" name="Compare instance variable" sid="5121000973537909" type="GameText">
                            <param id="0" name="Instance variable">number</param>
                            <param id="1" name="Comparison">0</param>
                            <param id="2" name="Value">0</param>
                        </condition>
                        <condition id="-7" name="Compare instance variable" sid="7938229388677398" type="GameText">
                            <param id="0" name="Instance variable">type</param>
                            <param id="1" name="Comparison">0</param>
                            <param id="2" name="Value">&quot;actor01&quot;</param>
                        </condition>
                    </conditions>
                    <actions>
                        <action id="0" name="Set text" sid="2891812978751581" type="GameText">
                            <param id="0" name="Text">levelsData.At(currentLevel, currentQuestion, actor01)</param>
                        </action>
                    </actions>
                </event-block>
                <event-block sid="193218511947609">
                    <conditions>
                        <condition id="-7" name="Compare instance variable" sid="6460910280977374" type="GameText">
                            <param id="0" name="Instance variable">number</param>
                            <param id="1" name="Comparison">0</param>
                            <param id="2" name="Value">0</param>
                        </condition>
                        <condition id="-7" name="Compare instance variable" sid="884969900940446" type="GameText">
                            <param id="0" name="Instance variable">type</param>
                            <param id="1" name="Comparison">0</param>
                            <param id="2" name="Value">&quot;actor02&quot;</param>
                        </condition>
                    </conditions>
                    <actions>
                        <action id="0" name="Set text" sid="276251480151779" type="GameText">
                            <param id="0" name="Text">levelsData.At(currentLevel, currentQuestion, actor02)</param>
                        </action>
                    </actions>
                </event-block>
                <event-block sid="4146673192677321">
                    <conditions>
                        <condition id="-7" name="Compare instance variable" sid="943343080768302" type="GameText">
                            <param id="0" name="Instance variable">number</param>
                            <param id="1" name="Comparison">0</param>
                            <param id="2" name="Value">1</param>
                        </condition>
                    </conditions>
                    <actions>
                        <action id="0" name="Set text" sid="2678139811593432" type="GameText">
                            <param id="0" name="Text">levelsData.At(currentLevel, currentQuestion, answer01)</param>
                        </action>
                    </actions>
                </event-block>
                <event-block sid="9511326132340326">
                    <conditions>
                        <condition id="-7" name="Compare instance variable" sid="5956165274170971" type="GameText">
                            <param id="0" name="Instance variable">number</param>
                            <param id="1" name="Comparison">0</param>
                            <param id="2" name="Value">2</param>
                        </condition>
                    </conditions>
                    <actions>
                        <action id="0" name="Set text" sid="1712654983657446" type="GameText">
                            <param id="0" name="Text">levelsData.At(currentLevel, currentQuestion, answer02)</param>
                        </action>
                    </actions>
                </event-block>
                <event-block sid="4444416101643374">
                    <conditions>
                        <condition id="-7" name="Compare instance variable" sid="9978782712177343" type="GameText">
                            <param id="0" name="Instance variable">number</param>
                            <param id="1" name="Comparison">0</param>
                            <param id="2" name="Value">3</param>
                        </condition>
                    </conditions>
                    <actions>
                        <action id="0" name="Set text" sid="9461405001022229" type="GameText">
                            <param id="0" name="Text">levelsData.At(currentLevel, currentQuestion, answer03)</param>
                        </action>
                    </actions>
                </event-block>
                <event-block sid="1700862050873205">
                    <conditions>
                        <condition id="-7" name="Compare instance variable" sid="6521424673501177" type="GameText">
                            <param id="0" name="Instance variable">number</param>
                            <param id="1" name="Comparison">0</param>
                            <param id="2" name="Value">4</param>
                        </condition>
                    </conditions>
                    <actions>
                        <action id="0" name="Set text" sid="5908368592569764" type="GameText">
                            <param id="0" name="Text">levelsData.At(currentLevel, currentQuestion, answer04)</param>
                        </action>
                    </actions>
                </event-block>
            </sub-events>
        </event-block>
        <comment>Мероприятия при выборе вопроса:&#x0D;&#x0A;1. Кнопка &quot;Next&quot; меняет анимация с Deactive на Active (с красного на черный)&#x0D;&#x0A;2. Нажатая область во всех объектах переходит на анимацию с красным цветом, включая текст, который меняет цвет&#x0D;&#x0A;3. Все остальные, включая ранее выбранные, становятся черными</comment>
        <event-block sid="9267535602579164">
            <conditions>
                <condition id="0" name="On function" sid="7224550791661671" type="Function">
                    <param id="0" name="Name">&quot;selectAnswer&quot;</param>
                </condition>
            </conditions>
            <actions>
                <action id="4" name="Set animation" sid="2466167904379388" type="btn_Next">
                    <param id="0" name="Animation">&quot;Active&quot;</param>
                    <param id="1" name="From">1</param>
                </action>
            </actions>
            <sub-events>
                <event-block sid="4282995047887638">
                    <conditions>
                        <condition id="-33" name="Pick by comparison" sid="9141494308236972" type="System">
                            <param id="0" name="Object">AnswersButtons</param>
                            <param id="1" name="Expression">AnswersButtons.number</param>
                            <param id="2" name="Comparison">0</param>
                            <param id="3" name="Value">Function.Param(0)</param>
                        </condition>
                    </conditions>
                    <actions>
                        <action id="4" name="Set animation" sid="1726219978395626" type="AnswersButtons">
                            <param id="0" name="Animation">&quot;Red&quot;</param>
                            <param id="1" name="From">0</param>
                        </action>
                    </actions>
                </event-block>
                <event-block sid="7446585838962163">
                    <conditions>
                        <condition id="-33" name="Pick by comparison" sid="4090525374947499" type="System">
                            <param id="0" name="Object">answerFrame</param>
                            <param id="1" name="Expression">answerFrame.number</param>
                            <param id="2" name="Comparison">0</param>
                            <param id="3" name="Value">Function.Param(0)</param>
                        </condition>
                    </conditions>
                    <actions>
                        <action id="-28" name="Set effect parameter" sid="1570079619394185" type="answerFrame">
                            <param id="0" name="Effect">&quot;SetColor&quot;</param>
                            <param id="1" name="Parameter index">0</param>
                            <param id="2" name="Value">55</param>
                        </action>
                        <action id="0" name="Set text" sid="5821035558953962" type="DebugText">
                            <param id="0" name="Text">&quot;OO&quot;</param>
                        </action>
                    </actions>
                </event-block>
                <event-block sid="4481074298132257">
                    <conditions>
                        <condition id="-33" name="Pick by comparison" sid="5827064968624288" type="System">
                            <param id="0" name="Object">GameText</param>
                            <param id="1" name="Expression">GameText.number</param>
                            <param id="2" name="Comparison">0</param>
                            <param id="3" name="Value">Function.Param(0)</param>
                        </condition>
                    </conditions>
                    <actions>
                        <action id="-28" name="Set effect parameter" sid="8818692757126804" type="GameText">
                            <param id="0" name="Effect">&quot;SetColor&quot;</param>
                            <param id="1" name="Parameter index">0</param>
                            <param id="2" name="Value">55</param>
                        </action>
                    </actions>
                </event-block>
                <event-block sid="143897108229782">
                    <conditions>
                        <condition id="-33" name="Pick by comparison" sid="615697582104361" type="System">
                            <param id="0" name="Object">AnswersButtons</param>
                            <param id="1" name="Expression">AnswersButtons.number</param>
                            <param id="2" name="Comparison">1</param>
                            <param id="3" name="Value">Function.Param(0)</param>
                        </condition>
                    </conditions>
                    <actions>
                        <action id="4" name="Set animation" sid="2946565236974903" type="AnswersButtons">
                            <param id="0" name="Animation">&quot;Black&quot;</param>
                            <param id="1" name="From">0</param>
                        </action>
                    </actions>
                </event-block>
                <event-block sid="1239708854507471">
                    <conditions>
                        <condition id="-33" name="Pick by comparison" sid="6747111279785848" type="System">
                            <param id="0" name="Object">answerFrame</param>
                            <param id="1" name="Expression">answerFrame.number</param>
                            <param id="2" name="Comparison">1</param>
                            <param id="3" name="Value">Function.Param(0)</param>
                        </condition>
                    </conditions>
                    <actions>
                        <action id="-28" name="Set effect parameter" sid="8320642808763603" type="answerFrame">
                            <param id="0" name="Effect">&quot;SetColor&quot;</param>
                            <param id="1" name="Parameter index">0</param>
                            <param id="2" name="Value">0</param>
                        </action>
                    </actions>
                </event-block>
                <event-block sid="828219609235371">
                    <conditions>
                        <condition id="-33" name="Pick by comparison" sid="5172973381289261" type="System">
                            <param id="0" name="Object">GameText</param>
                            <param id="1" name="Expression">GameText.number</param>
                            <param id="2" name="Comparison">1</param>
                            <param id="3" name="Value">Function.Param(0)</param>
                        </condition>
                    </conditions>
                    <actions>
                        <action id="-28" name="Set effect parameter" sid="1498279637095891" type="GameText">
                            <param id="0" name="Effect">&quot;SetColor&quot;</param>
                            <param id="1" name="Parameter index">0</param>
                            <param id="2" name="Value">0</param>
                        </action>
                    </actions>
                </event-block>
            </sub-events>
        </event-block>
        <comment>Сбрасываем выбранный вопрос, анимацию всех подсвеченных вопросов к черному, анимацию фреймов к черному, текст к черному и кнопку Next к черному, установка в инвизибл фрейма для актеров</comment>
        <event-block sid="2650297481837604">
            <conditions>
                <condition id="0" name="On function" sid="2148783122694761" type="Function">
                    <param id="0" name="Name">&quot;resetToDefault&quot;</param>
                </condition>
            </conditions>
            <actions>
                <action id="-9" name="Set value" sid="4834316014534612" type="System">
                    <param id="0" name="Variable">selectedAnswer</param>
                    <param id="1" name="Value">0</param>
                </action>
                <action id="4" name="Set animation" sid="7351016730755596" type="AnswersButtons">
                    <param id="0" name="Animation">&quot;Black&quot;</param>
                    <param id="1" name="From">0</param>
                </action>
                <action id="4" name="Set animation" sid="5895285384602478" type="answer_frame">
                    <param id="0" name="Animation">&quot;Black&quot;</param>
                    <param id="1" name="From">1</param>
                </action>
                <action id="-28" name="Set effect parameter" sid="4941289776055761" type="answerFrame">
                    <param id="0" name="Effect">&quot;SetColor&quot;</param>
                    <param id="1" name="Parameter index">0</param>
                    <param id="2" name="Value">0</param>
                </action>
                <action id="4" name="Set animation" sid="4522607939217346" type="btn_Next">
                    <param id="0" name="Animation">&quot;Deactive&quot;</param>
                    <param id="1" name="From">1</param>
                </action>
                <action id="-15" name="Set visible" sid="392208532435454" type="actorsFrame">
                    <param id="0" name="Visibility">0</param>
                </action>
            </actions>
            <sub-events>
                <event-block sid="6713539605742878">
                    <conditions>
                        <condition id="-7" name="Compare instance variable" sid="995834625802688" type="GameText">
                            <param id="0" name="Instance variable">type</param>
                            <param id="1" name="Comparison">0</param>
                            <param id="2" name="Value">&quot;answer&quot;</param>
                        </condition>
                    </conditions>
                    <actions>
                        <action id="-28" name="Set effect parameter" sid="819660023807383" type="GameText">
                            <param id="0" name="Effect">&quot;SetColor&quot;</param>
                            <param id="1" name="Parameter index">0</param>
                            <param id="2" name="Value">0</param>
                        </action>
                    </actions>
                </event-block>
            </sub-events>
        </event-block>
        <comment>Устанавливаем номер вопроса в счетчике</comment>
        <event-block sid="1392058224229066">
            <conditions>
                <condition id="0" name="On function" sid="2928994684328767" type="Function">
                    <param id="0" name="Name">&quot;setQuestCounter&quot;</param>
                </condition>
            </conditions>
            <actions>
                <action id="0" name="Set text" sid="3835327081249941" type="questionCounterText">
                    <param id="0" name="Text">(currentQuestion+1) &amp; &quot;/&quot; &amp; QUESTIONSQWANTITY</param>
                </action>
            </actions>
        </event-block>
        <event-block sid="1038065688918912">
            <conditions>
                <condition id="10" name="On image URL loaded" sid="3989470873037312" type="actorsFrame" />
            </conditions>
            <actions>
                <action id="-15" name="Set visible" sid="449959698925455" type="actorsFrame">
                    <param id="0" name="Visibility">1</param>
                </action>
            </actions>
        </event-block>
        <comment>Устанавливаем кнопку Next в нужный язык по глобальной переменной</comment>
        <event-block sid="9185157528634322">
            <conditions>
                <condition id="0" name="On function" sid="4451469787063976" type="Function">
                    <param id="0" name="Name">&quot;TranslateTitles&quot;</param>
                </condition>
            </conditions>
            <actions>
                <action id="4" name="Set animation" sid="1132245984929005" type="Next_element">
                    <param id="0" name="Animation">Language</param>
                    <param id="1" name="From">1</param>
                </action>
            </actions>
        </event-block>
        <comment>Показываем диалоговое окно выхода из игры</comment>
        <event-block sid="1094710042077586">
            <conditions>
                <condition id="0" name="On function" sid="5397532639608462" type="Function">
                    <param id="0" name="Name">&quot;ShowExitWindow&quot;</param>
                </condition>
            </conditions>
            <actions>
                <action id="-3" name="Create object" sid="7183146479528738" type="System">
                    <param id="0" name="Object to create">grayTrasparentBg</param>
                    <param id="1" name="Layer">&quot;HotSpots&quot;</param>
                    <param id="2" name="X">360</param>
                    <param id="3" name="Y">640</param>
                </action>
                <action id="-7" name="Set size" sid="2283017860595696" type="grayTrasparentBg">
                    <param id="0" name="Width">780</param>
                    <param id="1" name="Height">1340</param>
                </action>
                <action id="-3" name="Create object" sid="7382863117775624" type="System">
                    <param id="0" name="Object to create">exitWindow</param>
                    <param id="1" name="Layer">&quot;HotSpots&quot;</param>
                    <param id="2" name="X">360</param>
                    <param id="3" name="Y">640</param>
                </action>
                <action id="-3" name="Set position" sid="586881327416442" type="btn_OK_white">
                    <param id="0" name="X">120</param>
                    <param id="1" name="Y">710</param>
                </action>
                <action id="-3" name="Set position" sid="1888043752350539" type="btn_Cancel_white">
                    <param id="0" name="X">590</param>
                    <param id="1" name="Y">710</param>
                </action>
                <action id="4" name="Set animation" sid="6071845238173434" type="windowText">
                    <param id="0" name="Animation">Language</param>
                    <param id="1" name="From">1</param>
                </action>
            </actions>
        </event-block>
    </events>
</c2eventsheet>
