﻿<?xml version="1.0" encoding="utf-8" ?>
<c2eventsheet>
    <!--All the 'name' attributes are ignored by Construct 2 - they are there for readability only.-->
    <name>LevelComplete Events</name>
    <events>
        <include>Functions</include>
        <include>Debug</include>
        <comment>Очень важен вызов функции updateLevelsScore, он возвращает информацию о том, был ли открыт следующий уровень или нет</comment>
        <event-block sid="7958258570450145">
            <conditions>
                <condition id="-2" name="On start of layout" sid="1494213102737486" type="System" />
            </conditions>
            <actions>
                <action id="0" name="Call function" sid="5704747702879865" type="Function">
                    <param id="0" name="Name">&quot;TranslateTitles&quot;</param>
                    <param id="1" name="Parameter {n}"></param>
                </action>
                <action id="0" name="Call function" sid="8654176647354072" type="Function">
                    <param id="0" name="Name">&quot;setInterfaceForStart&quot;</param>
                    <param id="1" name="Parameter {n}"></param>
                </action>
                <action id="0" name="Call function" sid="4287060632550152" type="Function">
                    <param id="0" name="Name">&quot;updateLevelsScore&quot;</param>
                    <param id="1" name="Parameter {n}"></param>
                </action>
            </actions>
            <sub-events>
                <variable constant="0" name="isUnlockNewLevel" sid="4634183585195073" static="0" type="number">0</variable>
                <event-block sid="5708786458514777">
                    <conditions />
                    <actions>
                        <action id="-9" name="Set value" sid="2929220363643628" type="System">
                            <param id="0" name="Variable">isUnlockNewLevel</param>
                            <param id="1" name="Value">Function.Call(&quot;updateLevelsLock&quot;, currentLevel)</param>
                        </action>
                    </actions>
                    <sub-events>
                        <event-block sid="3745118234760071">
                            <conditions>
                                <condition id="-7" name="Compare instance variable" sid="7662794516726168" type="ImpactSpriteFont">
                                    <param id="0" name="Instance variable">lcName</param>
                                    <param id="1" name="Comparison">0</param>
                                    <param id="2" name="Value">&quot;lcNewLevelText&quot;</param>
                                </condition>
                            </conditions>
                            <actions />
                            <sub-events>
                                <event-block sid="5854424521192512">
                                    <conditions>
                                        <condition id="-8" name="Compare two values" sid="8832279737860881" type="System">
                                            <param id="0" name="First value">isUnlockNewLevel</param>
                                            <param id="1" name="Comparison">0</param>
                                            <param id="2" name="Second value">1</param>
                                        </condition>
                                    </conditions>
                                    <actions>
                                        <action id="1" name="Append text" sid="2595375292081905" type="DebugText">
                                            <param id="0" name="Text">newline &amp; &quot;открыт новый уровень&quot;</param>
                                        </action>
                                        <action id="0" name="Set text" sid="4546002499319322" type="DebugText">
                                            <param id="0" name="Text">newline &amp;&quot;Открыт ли ур.: &quot; &amp; isUnlockNewLevel</param>
                                        </action>
                                    </actions>
                                    <sub-events>
                                        <event-block sid="2134250394930916">
                                            <conditions>
                                                <condition id="-14" name="Compare variable" sid="5967088321336701" type="System">
                                                    <param id="0" name="Variable">Language</param>
                                                    <param id="1" name="Comparison">0</param>
                                                    <param id="2" name="Value">&quot;EN&quot;</param>
                                                </condition>
                                            </conditions>
                                            <actions>
                                                <action id="0" name="Set text" sid="1959838874614201" type="ImpactSpriteFont">
                                                    <param id="0" name="Text">&quot;You have passed that level&quot;</param>
                                                </action>
                                            </actions>
                                        </event-block>
                                        <event-block sid="5860658939959231">
                                            <conditions>
                                                <condition id="-22" name="Else" sid="2463888183729987" type="System" />
                                            </conditions>
                                            <actions>
                                                <action id="0" name="Set text" sid="2530653592682244" type="ImpactSpriteFont">
                                                    <param id="0" name="Text">&quot;Вы перешли на новый уровень&quot;</param>
                                                </action>
                                            </actions>
                                        </event-block>
                                    </sub-events>
                                </event-block>
                                <event-block sid="9073909923822929">
                                    <conditions>
                                        <condition id="-22" name="Else" sid="4702072206948495" type="System" />
                                    </conditions>
                                    <actions>
                                        <action id="0" name="Set text" sid="9266170730904479" type="ImpactSpriteFont">
                                            <param id="0" name="Text">&quot;&quot;</param>
                                        </action>
                                        <action id="1" name="Append text" sid="5197781678575638" type="DebugText">
                                            <param id="0" name="Text">newline &amp; &quot;новый уровень НЕ открыт&quot;</param>
                                        </action>
                                        <action id="1" name="Append text" sid="2824476917659129" type="DebugText">
                                            <param id="0" name="Text">newline &amp;&quot;Открыт ли ур.: &quot; &amp; isUnlockNewLevel</param>
                                        </action>
                                    </actions>
                                </event-block>
                            </sub-events>
                        </event-block>
                    </sub-events>
                </event-block>
                <event-block sid="7311902744307521">
                    <conditions>
                        <condition id="0" name="Is Canvas+" sid="9484583620978248" type="CocoonCanvasplus" />
                    </conditions>
                    <actions>
                        <action id="12" name="Show interstitial" sid="1319871802646143" type="CocoonAds" />
                    </actions>
                </event-block>
            </sub-events>
        </event-block>
        <event-block sid="9744312779647755">
            <conditions>
                <condition id="3" name="On touched object" sid="7042217647110331" type="Touch">
                    <param id="0" name="Object">btn_Next</param>
                </condition>
            </conditions>
            <actions>
                <action id="0" name="Play" sid="9187814270056038" type="Audio">
                    <param id="0" name="Audio file">radiy__click</param>
                    <param id="2" name="Loop">0</param>
                    <param id="3" name="Volume">0</param>
                    <param id="1" name="Tag (optional)">&quot;&quot;</param>
                </action>
                <action id="-2" name="Go to layout" sid="4613386875045333" type="System">
                    <param id="0" name="Layout">Levels</param>
                </action>
            </actions>
        </event-block>
        <event-block sid="2534828395936035">
            <conditions>
                <condition id="0" name="On function" sid="6860877008227765" type="Function">
                    <param id="0" name="Name">&quot;updateLevelsScore&quot;</param>
                </condition>
            </conditions>
            <actions />
            <sub-events>
                <comment>Сохраняем предыдущее значение очков за уровень в переменной «prevScore»</comment>
                <variable constant="0" name="prevScore" sid="4935395614748247" static="0" type="number">0</variable>
                <event-block sid="9597173050033295">
                    <conditions />
                    <actions>
                        <action id="-9" name="Set value" sid="2743838928464815" type="System">
                            <param id="0" name="Variable">prevScore</param>
                            <param id="1" name="Value">levels.At(currentLevel,1)</param>
                        </action>
                    </actions>
                    <sub-events>
                        <comment>Если новое значение очков за уровень больше предыдущего, то сохраняем в массиве новое значение очков для этого уровня</comment>
                        <event-block sid="7251743271048665">
                            <conditions>
                                <condition id="-8" name="Compare two values" sid="2337978411212284" type="System">
                                    <param id="0" name="First value">correctAnswers</param>
                                    <param id="1" name="Comparison">4</param>
                                    <param id="2" name="Second value">prevScore</param>
                                </condition>
                            </conditions>
                            <actions>
                                <action id="3" name="Set at XY" sid="1427056922559258" type="levels">
                                    <param id="0" name="X">currentLevel</param>
                                    <param id="1" name="Y">1</param>
                                    <param id="2" name="Value">correctAnswers</param>
                                </action>
                                <action id="0" name="Call function" sid="4127902297026158" type="Function">
                                    <param id="0" name="Name">&quot;synchronizeArrayToStorage&quot;</param>
                                    <param id="1" name="Parameter {n}"></param>
                                </action>
                                <action id="-9" name="Set value" sid="5876543806539337" type="System">
                                    <param id="0" name="Variable">totalScore</param>
                                    <param id="1" name="Value">Function.Call(&quot;calculateTotalScore&quot;)</param>
                                </action>
                                <action id="1" name="Append text" sid="6776366766872169" type="DebugText">
                                    <param id="0" name="Text">newline &amp; &quot;Total Score: &quot; &amp; totalScore</param>
                                </action>
                                <action id="0" name="Call function" sid="4951173323881544" type="Function">
                                    <param id="0" name="Name">&quot;syncScoreToStorage&quot;</param>
                                    <param id="1" name="Parameter {n}"></param>
                                </action>
                                <action id="0" name="Call function" sid="7259204676085596" type="Function">
                                    <param id="0" name="Name">&quot;syncScoreToLeaderboard&quot;</param>
                                    <param id="1" name="Parameter {n}"></param>
                                </action>
                            </actions>
                        </event-block>
                    </sub-events>
                </event-block>
                <comment>Обнуляем количество правильных ответов «correctAnswers» и текущий уровень «currentLevel»</comment>
                <event-block sid="6961521514802984">
                    <conditions />
                    <actions>
                        <action id="-9" name="Set value" sid="183016938849962" type="System">
                            <param id="0" name="Variable">correctAnswers</param>
                            <param id="1" name="Value">0</param>
                        </action>
                        <action id="-9" name="Set value" sid="1510931439632715" type="System">
                            <param id="0" name="Variable">currentLevel</param>
                            <param id="1" name="Value">0</param>
                        </action>
                    </actions>
                </event-block>
            </sub-events>
        </event-block>
        <event-block sid="7260669550769263">
            <conditions>
                <condition id="0" name="On function" sid="8859008375386059" type="Function">
                    <param id="0" name="Name">&quot;TranslateTitles&quot;</param>
                </condition>
            </conditions>
            <actions>
                <action id="4" name="Set animation" sid="4742347829792003" type="Next_element">
                    <param id="0" name="Animation">Language</param>
                    <param id="1" name="From">1</param>
                </action>
            </actions>
            <sub-events>
                <event-block sid="7921047430465595">
                    <conditions>
                        <condition id="-7" name="Compare instance variable" sid="1866546314063275" type="ImpactSpriteFont">
                            <param id="0" name="Instance variable">lcName</param>
                            <param id="1" name="Comparison">0</param>
                            <param id="2" name="Value">&quot;lcLevelText&quot;</param>
                        </condition>
                    </conditions>
                    <actions />
                    <sub-events>
                        <event-block sid="1484843280737359">
                            <conditions>
                                <condition id="-14" name="Compare variable" sid="9339362565585994" type="System">
                                    <param id="0" name="Variable">Language</param>
                                    <param id="1" name="Comparison">0</param>
                                    <param id="2" name="Value">&quot;EN&quot;</param>
                                </condition>
                            </conditions>
                            <actions>
                                <action id="0" name="Set text" sid="289286017469" type="ImpactSpriteFont">
                                    <param id="0" name="Text">&quot;Level&quot;</param>
                                </action>
                            </actions>
                        </event-block>
                        <event-block sid="5351689004272996">
                            <conditions>
                                <condition id="-22" name="Else" sid="4133704765185414" type="System" />
                            </conditions>
                            <actions>
                                <action id="0" name="Set text" sid="3461231271277731" type="ImpactSpriteFont">
                                    <param id="0" name="Text">&quot;Уровень&quot;</param>
                                </action>
                            </actions>
                        </event-block>
                    </sub-events>
                </event-block>
                <event-block sid="7046592143923441">
                    <conditions>
                        <condition id="-7" name="Compare instance variable" sid="7170077639830653" type="ImpactSpriteFont">
                            <param id="0" name="Instance variable">lcName</param>
                            <param id="1" name="Comparison">0</param>
                            <param id="2" name="Value">&quot;lcLevelNumber&quot;</param>
                        </condition>
                    </conditions>
                    <actions>
                        <action id="0" name="Set text" sid="3454659531421465" type="ImpactSpriteFont">
                            <param id="0" name="Text">&quot;&quot; &amp; (currentLevel+1)</param>
                        </action>
                    </actions>
                </event-block>
                <event-block sid="5870104166079018">
                    <conditions>
                        <condition id="-7" name="Compare instance variable" sid="2465243248891723" type="ImpactSpriteFont">
                            <param id="0" name="Instance variable">lcName</param>
                            <param id="1" name="Comparison">0</param>
                            <param id="2" name="Value">&quot;lcCompletedText&quot;</param>
                        </condition>
                    </conditions>
                    <actions />
                    <sub-events>
                        <event-block sid="748938909031333">
                            <conditions>
                                <condition id="-14" name="Compare variable" sid="269421570237191" type="System">
                                    <param id="0" name="Variable">Language</param>
                                    <param id="1" name="Comparison">0</param>
                                    <param id="2" name="Value">&quot;EN&quot;</param>
                                </condition>
                            </conditions>
                            <actions>
                                <action id="0" name="Set text" sid="1854329593465505" type="ImpactSpriteFont">
                                    <param id="0" name="Text">&quot;is competed&quot;</param>
                                </action>
                            </actions>
                        </event-block>
                        <event-block sid="144639115504151">
                            <conditions>
                                <condition id="-22" name="Else" sid="2837235772486806" type="System" />
                            </conditions>
                            <actions>
                                <action id="0" name="Set text" sid="1941539525358459" type="ImpactSpriteFont">
                                    <param id="0" name="Text">&quot;завершен&quot;</param>
                                </action>
                            </actions>
                        </event-block>
                    </sub-events>
                </event-block>
                <event-block sid="1378637973816869">
                    <conditions>
                        <condition id="-7" name="Compare instance variable" sid="740042578231786" type="ImpactSpriteFont">
                            <param id="0" name="Instance variable">lcName</param>
                            <param id="1" name="Comparison">0</param>
                            <param id="2" name="Value">&quot;lcQwRightAnsText&quot;</param>
                        </condition>
                    </conditions>
                    <actions />
                    <sub-events>
                        <event-block sid="4062868379338383">
                            <conditions>
                                <condition id="-14" name="Compare variable" sid="9130336477781243" type="System">
                                    <param id="0" name="Variable">Language</param>
                                    <param id="1" name="Comparison">0</param>
                                    <param id="2" name="Value">&quot;EN&quot;</param>
                                </condition>
                            </conditions>
                            <actions>
                                <action id="0" name="Set text" sid="5118822926368444" type="ImpactSpriteFont">
                                    <param id="0" name="Text">&quot;Correct answers&quot;</param>
                                </action>
                            </actions>
                        </event-block>
                        <event-block sid="1596441956137336">
                            <conditions>
                                <condition id="-22" name="Else" sid="2397060198145091" type="System" />
                            </conditions>
                            <actions>
                                <action id="0" name="Set text" sid="3225422460551109" type="ImpactSpriteFont">
                                    <param id="0" name="Text">&quot;Количество правильных ответов&quot;</param>
                                </action>
                            </actions>
                        </event-block>
                    </sub-events>
                </event-block>
                <event-block sid="3662765657285164">
                    <conditions>
                        <condition id="-7" name="Compare instance variable" sid="1868917663543004" type="ImpactSpriteFont">
                            <param id="0" name="Instance variable">lcName</param>
                            <param id="1" name="Comparison">0</param>
                            <param id="2" name="Value">&quot;lcQwRightAnsNumber&quot;</param>
                        </condition>
                    </conditions>
                    <actions>
                        <action id="0" name="Set text" sid="2273511741603094" type="ImpactSpriteFont">
                            <param id="0" name="Text">&quot;&quot; &amp; (correctAnswers)</param>
                        </action>
                    </actions>
                </event-block>
                <event-block sid="2720512464025277">
                    <conditions>
                        <condition id="-7" name="Compare instance variable" sid="1556621263968381" type="ImpactSpriteFont">
                            <param id="0" name="Instance variable">lcName</param>
                            <param id="1" name="Comparison">0</param>
                            <param id="2" name="Value">&quot;lcFromText&quot;</param>
                        </condition>
                    </conditions>
                    <actions />
                    <sub-events>
                        <event-block sid="9947826131952557">
                            <conditions>
                                <condition id="-14" name="Compare variable" sid="5283623986003564" type="System">
                                    <param id="0" name="Variable">Language</param>
                                    <param id="1" name="Comparison">0</param>
                                    <param id="2" name="Value">&quot;EN&quot;</param>
                                </condition>
                            </conditions>
                            <actions>
                                <action id="0" name="Set text" sid="3355131536827748" type="ImpactSpriteFont">
                                    <param id="0" name="Text">&quot;from&quot;</param>
                                </action>
                            </actions>
                        </event-block>
                        <event-block sid="3332970361282652">
                            <conditions>
                                <condition id="-22" name="Else" sid="9440146255290664" type="System" />
                            </conditions>
                            <actions>
                                <action id="0" name="Set text" sid="8572789923422023" type="ImpactSpriteFont">
                                    <param id="0" name="Text">&quot;из&quot;</param>
                                </action>
                            </actions>
                        </event-block>
                    </sub-events>
                </event-block>
                <event-block sid="7531060394540926">
                    <conditions>
                        <condition id="-7" name="Compare instance variable" sid="3827066355815747" type="ImpactSpriteFont">
                            <param id="0" name="Instance variable">lcName</param>
                            <param id="1" name="Comparison">0</param>
                            <param id="2" name="Value">&quot;lcQwAnsNumber&quot;</param>
                        </condition>
                    </conditions>
                    <actions>
                        <action id="0" name="Set text" sid="3606326447443619" type="ImpactSpriteFont">
                            <param id="0" name="Text">QUESTIONSQWANTITY</param>
                        </action>
                    </actions>
                </event-block>
            </sub-events>
        </event-block>
        <comment>Подготовка текста к отображению</comment>
        <event-block sid="8788175513848269">
            <conditions>
                <condition id="-18" name="On created" sid="3552122814079627" type="ImpactSpriteFont" />
            </conditions>
            <actions>
                <action id="5" name="Set character width" sid="1673909393527053" type="ImpactSpriteFont">
                    <param id="0" name="Character">&quot; &quot;</param>
                    <param id="1" name="Width">8</param>
                </action>
                <action id="5" name="Set character width" sid="1060089879868949" type="ImpactSpriteFont">
                    <param id="0" name="Character">CharacterKernImpact.At(1,loopindex)</param>
                    <param id="1" name="Width">CharacterKernImpact.At(0,loopindex)</param>
                </action>
            </actions>
            <sub-events>
                <event-block sid="9874700065063313">
                    <conditions>
                        <condition id="-10" name="For" sid="8965437929284487" type="System">
                            <param id="0" name="Name">&quot;&quot;</param>
                            <param id="1" name="Start index">0</param>
                            <param id="2" name="End index">CharacterKernImpact.Height</param>
                        </condition>
                    </conditions>
                    <actions>
                        <action id="5" name="Set character width" sid="8636655505305092" type="ImpactSpriteFont">
                            <param id="0" name="Character">CharacterKernImpact.At(1,loopindex)</param>
                            <param id="1" name="Width">CharacterKernImpact.At(0,loopindex)</param>
                        </action>
                    </actions>
                </event-block>
            </sub-events>
        </event-block>
    </events>
</c2eventsheet>
